/* Generated by packaging/icons/icon_tools.py - do not edit.
 * Window/taskbar icon embedded as a 32-bit BMP, passed to Aeron
 * through AeronConfig; regenerate after changing the master image. */

static const unsigned char xvt_window_icon_bmp[16506] = {
	0x42, 0x4d, 0x7a, 0x40, 0x00, 0x00, 0x00, 0x00, 0x00, 0x00, 0x7a, 0x00, 0x00, 0x00, 0x6c, 0x00, 0x00,
	0x00, 0x40, 0x00, 0x00, 0x00, 0x40, 0x00, 0x00, 0x00, 0x01, 0x00, 0x20, 0x00, 0x03, 0x00, 0x00, 0x00,
	0x00, 0x40, 0x00, 0x00, 0x13, 0x0b, 0x00, 0x00, 0x13, 0x0b, 0x00, 0x00, 0x00, 0x00, 0x00, 0x00, 0x00,
	0x00, 0x00, 0x00, 0x00, 0x00, 0xff, 0x00, 0x00, 0xff, 0x00, 0x00, 0xff, 0x00, 0x00, 0x00, 0x00, 0x00,
	0x00, 0xff, 0x42, 0x47, 0x52, 0x73, 0x00, 0x00, 0x00, 0x00, 0x00, 0x00, 0x00, 0x00, 0x00, 0x00, 0x00,
	0x00, 0x00, 0x00, 0x00, 0x00, 0x00, 0x00, 0x00, 0x00, 0x00, 0x00, 0x00, 0x00, 0x00, 0x00, 0x00, 0x00,
	0x00, 0x00, 0x00, 0x00, 0x00, 0x00, 0x00, 0x00, 0x00, 0x00, 0x00, 0x00, 0x00, 0x00, 0x00, 0x00, 0x00,
	0x00, 0x00, 0x00, 0x00, 0x00, 0x00, 0x00, 0x00, 0x00, 0x00, 0x00, 0x00, 0x00, 0x00, 0x00, 0x00, 0x00,
	0x00, 0x00, 0x00, 0x00, 0x00, 0x00, 0x00, 0x00, 0x00, 0x00, 0x9a, 0x64, 0x34, 0x0b, 0x4e, 0x30, 0x1e,
	0x5b, 0x3a, 0x22, 0x18, 0x9e, 0x35, 0x1e, 0x14, 0xc4, 0x36, 0x1e, 0x13, 0xd6, 0x34, 0x1d, 0x10, 0xdf,
	0x33, 0x1c, 0x10, 0xdf, 0x33, 0x1c, 0x10, 0xdf, 0x34, 0x1c, 0x10, 0xdf, 0x34, 0x1d, 0x10, 0xdf, 0x35,
	0x1d, 0x11, 0xdf, 0x35, 0x1d, 0x11, 0xdf, 0x33, 0x1d, 0x11, 0xdf, 0x32, 0x1c, 0x10, 0xdf, 0x31, 0x1d,
	0x0f, 0xdf, 0x33, 0x1e, 0x10, 0xdf, 0x36, 0x1e, 0x10, 0xdf, 0x37, 0x1f, 0x10, 0xdf, 0x37, 0x1f, 0x11,
	0xdf, 0x39, 0x1f, 0x11, 0xdf, 0x3a, 0x20, 0x12, 0xdf, 0x39, 0x20, 0x12, 0xdf, 0x3a, 0x21, 0x11, 0xdf,
	0x3a, 0x21, 0x12, 0xdf, 0x3a, 0x21, 0x12, 0xdf, 0x3c, 0x21, 0x12, 0xdf, 0x3d, 0x22, 0x12, 0xdf, 0x3e,
	0x22, 0x12, 0xdf, 0x3f, 0x22, 0x13, 0xdf, 0x3f, 0x22, 0x12, 0xdf, 0x3d, 0x22, 0x13, 0xdf, 0x3c, 0x22,
	0x13, 0xdf, 0x3c, 0x23, 0x13, 0xdf, 0x3b, 0x22, 0x12, 0xdf, 0x39, 0x21, 0x12, 0xdf, 0x35, 0x20, 0x10,
	0xdf, 0x33, 0x1e, 0x0f, 0xdf, 0x31, 0x1c, 0x0f, 0xdf, 0x32, 0x1c, 0x10, 0xdf, 0x33, 0x1c, 0x11, 0xdf,
	0x34, 0x1d, 0x11, 0xdf, 0x34, 0x1d, 0x11, 0xdf, 0x34, 0x1d, 0x11, 0xdf, 0x33, 0x1d, 0x11, 0xdf, 0x33,
	0x1d, 0x11, 0xdf, 0x34, 0x1d, 0x11, 0xdf, 0x34, 0x1e, 0x11, 0xdf, 0x34, 0x1e, 0x13, 0xd8, 0x34, 0x1e,
	0x14, 0xc5, 0x34, 0x20, 0x15, 0x9d, 0x3b, 0x25, 0x19, 0x5b, 0x74, 0x4c, 0x2d, 0x0c, 0x00, 0x00, 0x00,
	0x00, 0x00, 0x00, 0x00, 0x00, 0x00, 0x00, 0x00, 0x00, 0x00, 0x00, 0x00, 0x00, 0x00, 0x00, 0x00, 0x00,
	0x00, 0x00, 0x00, 0x00, 0x00, 0x00, 0x00, 0x00, 0x00, 0x00, 0x00, 0x00, 0x00, 0x00, 0x00, 0x00, 0x00,
	0x00, 0x00, 0x00, 0x9f, 0x71, 0x63, 0x04, 0x4b, 0x30, 0x22, 0x76, 0x36, 0x20, 0x15, 0xed, 0x2d, 0x18,
	0x0f, 0xff, 0x2c, 0x18, 0x0f, 0xff, 0x2b, 0x17, 0x0f, 0xff, 0x2c, 0x17, 0x0f, 0xff, 0x2c, 0x17, 0x0f,
	0xff, 0x2b, 0x16, 0x0f, 0xff, 0x2c, 0x17, 0x0f, 0xff, 0x2b, 0x17, 0x0f, 0xff, 0x2b, 0x17, 0x0f, 0xff,
	0x2c, 0x17, 0x0f, 0xff, 0x2c, 0x17, 0x0f, 0xff, 0x2d, 0x18, 0x10, 0xff, 0x2e, 0x19, 0x0f, 0xff, 0x2e,
	0x19, 0x10, 0xff, 0x2f, 0x1a, 0x10, 0xff, 0x30, 0x1a, 0x10, 0xff, 0x31, 0x1a, 0x10, 0xff, 0x34, 0x1c,
	0x11, 0xff, 0x37, 0x1d, 0x11, 0xff, 0x38, 0x1d, 0x11, 0xff, 0x38, 0x1e, 0x11, 0xff, 0x39, 0x1e, 0x10,
	0xff, 0x3a, 0x1e, 0x10, 0xff, 0x3b, 0x1f, 0x10, 0xff, 0x3c, 0x1f, 0x10, 0xff, 0x3c, 0x1f, 0x10, 0xff,
	0x3c, 0x1f, 0x11, 0xff, 0x3c, 0x1e, 0x11, 0xff, 0x3b, 0x1e, 0x11, 0xff, 0x3a, 0x1d, 0x10, 0xff, 0x38,
	0x1d, 0x10, 0xff, 0x38, 0x1d, 0x11, 0xff, 0x37, 0x1d, 0x11, 0xff, 0x34, 0x1c, 0x11, 0xff, 0x31, 0x1b,
	0x10, 0xff, 0x2f, 0x1a, 0x0f, 0xff, 0x2e, 0x18, 0x0f, 0xff, 0x2e, 0x18, 0x0f, 0xff, 0x2d, 0x18, 0x10,
	0xff, 0x2c, 0x18, 0x0f, 0xff, 0x2c, 0x18, 0x0f, 0xff, 0x2c, 0x18, 0x10, 0xff, 0x2c, 0x18, 0x10, 0xff,
	0x2c, 0x17, 0x0f, 0xff, 0x2c, 0x17, 0x0f, 0xff, 0x2c, 0x17, 0x0f, 0xff, 0x2c, 0x17, 0x0e, 0xff, 0x2d,
	0x19, 0x0f, 0xff, 0x2e, 0x1a, 0x11, 0xff, 0x2f, 0x1b, 0x11, 0xff, 0x32, 0x1e, 0x13, 0xee, 0x3e, 0x27,
	0x1a, 0x7b, 0x84, 0x5d, 0x44, 0x06, 0x00, 0x00, 0x00, 0x00, 0x00, 0x00, 0x00, 0x00, 0x00, 0x00, 0x00,
	0x00, 0x00, 0x00, 0x00, 0x00, 0x00, 0x00, 0x00, 0x00, 0x00, 0x00, 0x00, 0x00, 0x00, 0x00, 0x00, 0x00,
	0x57, 0x3a, 0x31, 0x15, 0x3b, 0x23, 0x18, 0xc3, 0x30, 0x1b, 0x10, 0xff, 0x30, 0x1b, 0x11, 0xff, 0x3a,
	0x20, 0x10, 0xff, 0x37, 0x1d, 0x0d, 0xff, 0x2b, 0x15, 0x09, 0xff, 0x24, 0x11, 0x06, 0xff, 0x22, 0x10,
	0x06, 0xff, 0x23, 0x11, 0x07, 0xff, 0x24, 0x11, 0x07, 0xff, 0x26, 0x13, 0x08, 0xff, 0x28, 0x14, 0x07,
	0xff, 0x2b, 0x15, 0x07, 0xff, 0x2d, 0x16, 0x08, 0xff, 0x30, 0x18, 0x09, 0xff, 0x34, 0x1a, 0x0a, 0xff,
	0x38, 0x1c, 0x0b, 0xff, 0x3c, 0x1f, 0x0b, 0xff, 0x41, 0x21, 0x0a, 0xff, 0x48, 0x25, 0x0b, 0xff, 0x4c,
	0x28, 0x0c, 0xff, 0x51, 0x2c, 0x0c, 0xff, 0x56, 0x2f, 0x0d, 0xff, 0x57, 0x30, 0x0e, 0xff, 0x58, 0x32,
	0x0f, 0xff, 0x59, 0x32, 0x10, 0xff, 0x59, 0x33, 0x0f, 0xff, 0x59, 0x33, 0x10, 0xff, 0x58, 0x33, 0x10,
	0xff, 0x57, 0x31, 0x10, 0xff, 0x55, 0x2f, 0x11, 0xff, 0x54, 0x2e, 0x12, 0xff, 0x51, 0x2d, 0x11, 0xff,
	0x4f, 0x2c, 0x11, 0xff, 0x4e, 0x2a, 0x0e, 0xff, 0x4c, 0x27, 0x0c, 0xff, 0x46, 0x24, 0x0b, 0xff, 0x40,
	0x21, 0x0b, 0xff, 0x3a, 0x1e, 0x0a, 0xff, 0x36, 0x1c, 0x0b, 0xff, 0x33, 0x1b, 0x0a, 0xff, 0x31, 0x19,
	0x0a, 0xff, 0x2e, 0x18, 0x09, 0xff, 0x2d, 0x17, 0x09, 0xff, 0x2b, 0x15, 0x09, 0xff, 0x2a, 0x14, 0x09,
	0xff, 0x27, 0x12, 0x07, 0xff, 0x25, 0x11, 0x07, 0xff, 0x24, 0x11, 0x07, 0xff, 0x26, 0x12, 0x09, 0xff,
	0x2c, 0x17, 0x0b, 0xff, 0x39, 0x1f, 0x0f, 0xff, 0x3e, 0x21, 0x11, 0xff, 0x2f, 0x1a, 0x11, 0xff, 0x30,
	0x1b, 0x11, 0xff, 0x38, 0x21, 0x17, 0xcd, 0x5d, 0x3a, 0x2b, 0x1f, 0x00, 0x00, 0x00, 0x00, 0x00, 0x00,
	0x00, 0x00, 0x00, 0x00, 0x00, 0x00, 0x00, 0x00, 0x00, 0x00, 0x00, 0x00, 0x00, 0x00, 0x52, 0x36, 0x2b,
	0x13, 0x35, 0x20, 0x15, 0xd2, 0x31, 0x1b, 0x10, 0xff, 0x36, 0x1f, 0x11, 0xff, 0x3b, 0x20, 0x0d, 0xff,
	0x1c, 0x0f, 0x06, 0xff, 0x14, 0x0b, 0x08, 0xff, 0x19, 0x0e, 0x0a, 0xff, 0x1c, 0x0f, 0x0b, 0xff, 0x1d,
	0x10, 0x0b, 0xff, 0x1e, 0x10, 0x0b, 0xff, 0x1d, 0x10, 0x0c, 0xff, 0x1c, 0x11, 0x0c, 0xff, 0x1d, 0x12,
	0x0d, 0xff, 0x1d, 0x13, 0x0e, 0xff, 0x1d, 0x13, 0x0e, 0xff, 0x1e, 0x13, 0x0e, 0xff, 0x1f, 0x13, 0x0d,
	0xff, 0x22, 0x13, 0x0d, 0xff, 0x22, 0x12, 0x0d, 0xff, 0x21, 0x12, 0x0d, 0xff, 0x21, 0x11, 0x0c, 0xff,
	0x22, 0x12, 0x0d, 0xff, 0x24, 0x13, 0x0e, 0xff, 0x26, 0x14, 0x0d, 0xff, 0x26, 0x15, 0x0d, 0xff, 0x26,
	0x15, 0x0d, 0xff, 0x27, 0x15, 0x0d, 0xff, 0x28, 0x15, 0x0d, 0xff, 0x27, 0x15, 0x0d, 0xff, 0x27, 0x16,
	0x0d, 0xff, 0x27, 0x16, 0x0d, 0xff, 0x28, 0x16, 0x0d, 0xff, 0x27, 0x16, 0x0e, 0xff, 0x26, 0x16, 0x0e,
	0xff, 0x25, 0x15, 0x0d, 0xff, 0x24, 0x13, 0x0d, 0xff, 0x22, 0x12, 0x0d, 0xff, 0x22, 0x13, 0x0d, 0xff,
	0x21, 0x13, 0x0e, 0xff, 0x1f, 0x12, 0x0c, 0xff, 0x1f, 0x13, 0x0d, 0xff, 0x1e, 0x12, 0x0d, 0xff, 0x1f,
	0x11, 0x0c, 0xff, 0x1f, 0x11, 0x0c, 0xff, 0x1e, 0x11, 0x0c, 0xff, 0x1d, 0x11, 0x0c, 0xff, 0x1c, 0x10,
	0x0c, 0xff, 0x1c, 0x10, 0x0b, 0xff, 0x1c, 0x11, 0x0c, 0xff, 0x1c, 0x11, 0x0c, 0xff, 0x1c, 0x10, 0x0c,
	0xff, 0x1a, 0x0e, 0x0a, 0xff, 0x14, 0x0b, 0x08, 0xff, 0x1c, 0x0e, 0x08, 0xff, 0x3a, 0x1e, 0x0e, 0xff,
	0x36, 0x1e, 0x13, 0xff, 0x2f, 0x1b, 0x11, 0xff, 0x36, 0x21, 0x15, 0xe2, 0x5e, 0x3b, 0x2f, 0x1b, 0x00,
	0x00, 0x00, 0x00, 0x00, 0x00, 0x00, 0x00, 0x00, 0x00, 0x00, 0x00, 0xa8, 0x76, 0x6c, 0x02, 0x3c, 0x24,
	0x18, 0xbf, 0x30, 0x1b, 0x0f, 0xff, 0x38, 0x20, 0x11, 0xff, 0x31, 0x19, 0x0a, 0xff, 0x14, 0x0a, 0x08,
	0xff, 0x1d, 0x0f, 0x0b, 0xff, 0x1d, 0x0f, 0x0a, 0xff, 0x24, 0x16, 0x10, 0xff, 0x1c, 0x0f, 0x0a, 0xff,
	0x1b, 0x0f, 0x09, 0xff, 0x1c, 0x0f, 0x0a, 0xff, 0x1b, 0x0f, 0x0a, 0xff, 0x1b, 0x10, 0x0b, 0xff, 0x1b,
	0x11, 0x0b, 0xff, 0x1b, 0x12, 0x0c, 0xff, 0x1b, 0x12, 0x0c, 0xff, 0x1c, 0x12, 0x0c, 0xff, 0x1b, 0x11,
	0x0b, 0xff, 0x1d, 0x12, 0x0c, 0xff, 0x1d, 0x12, 0x0c, 0xff, 0x1c, 0x0f, 0x0a, 0xff, 0x1c, 0x0f, 0x0a,
	0xff, 0x1c, 0x0f, 0x0a, 0xff, 0x1f, 0x11, 0x0b, 0xff, 0x20, 0x12, 0x0c, 0xff, 0x20, 0x12, 0x0c, 0xff,
	0x22, 0x12, 0x0c, 0xff, 0x23, 0x12, 0x0c, 0xff, 0x23, 0x12, 0x0c, 0xff, 0x23, 0x12, 0x0c, 0xff, 0x23,
	0x12, 0x0c, 0xff, 0x23, 0x12, 0x0c, 0xff, 0x23, 0x12, 0x0c, 0xff, 0x25, 0x14, 0x0e, 0xff, 0x21, 0x12,
	0x0c, 0xff, 0x1e, 0x10, 0x0a, 0xff, 0x1e, 0x10, 0x0b, 0xff, 0x1d, 0x0f, 0x0a, 0xff, 0x1c, 0x10, 0x0a,
	0xff, 0x1c, 0x11, 0x0c, 0xff, 0x19, 0x10, 0x0a, 0xff, 0x1a, 0x11, 0x0b, 0xff, 0x1a, 0x10, 0x0a, 0xff,
	0x1b, 0x0f, 0x09, 0xff, 0x1b, 0x0f, 0x0a, 0xff, 0x1b, 0x10, 0x0b, 0xff, 0x1e, 0x12, 0x0c, 0xff, 0x1a,
	0x0f, 0x09, 0xff, 0x1a, 0x0f, 0x09, 0xff, 0x1a, 0x10, 0x0b, 0xff, 0x1b, 0x10, 0x0a, 0xff, 0x1c, 0x0f,
	0x0a, 0xff, 0x1c, 0x0f, 0x0a, 0xff, 0x1b, 0x10, 0x0b, 0xff, 0x1c, 0x11, 0x0c, 0xff, 0x13, 0x0a, 0x08,
	0xff, 0x2e, 0x18, 0x0d, 0xff, 0x38, 0x21, 0x13, 0xff, 0x30, 0x1c, 0x11, 0xff, 0x3c, 0x24, 0x19, 0xc9,
	0x9e, 0x66, 0x5f, 0x06, 0x00, 0x00, 0x00, 0x00, 0x00, 0x00, 0x00, 0x00, 0x47, 0x2c, 0x1d, 0x6a, 0x31,
	0x1b, 0x10, 0xff, 0x35, 0x1e, 0x11, 0xff, 0x30, 0x1a, 0x0a, 0xff, 0x14, 0x0b, 0x09, 0xff, 0x1d, 0x0f,
	0x0a, 0xff, 0x1c, 0x0f, 0x09, 0xff, 0x1c, 0x0e, 0x09, 0xff, 0x1c, 0x0f, 0x09, 0xff, 0x1b, 0x10, 0x0b,
	0xff, 0x1b, 0x0f, 0x09, 0xff, 0x1b, 0x0e, 0x09, 0xff, 0x1b, 0x0e, 0x09, 0xff, 0x1c, 0x0f, 0x0a, 0xff,
	0x1c, 0x10, 0x0a, 0xff, 0x1b, 0x10, 0x0a, 0xff, 0x1c, 0x11, 0x0b, 0xff, 0x1b, 0x10, 0x0b, 0xff, 0x1e,
	0x13, 0x0d, 0xff, 0x1b, 0x10, 0x0a, 0xff, 0x1c, 0x11, 0x0b, 0xff, 0x1b, 0x0f, 0x0a, 0xff, 0x1c, 0x10,
	0x0b, 0xff, 0x1b, 0x0f, 0x0a, 0xff, 0x1c, 0x10, 0x0a, 0xff, 0x1d, 0x10, 0x0a, 0xff, 0x1e, 0x11, 0x0b,
	0xff, 0x1f, 0x11, 0x0b, 0xff, 0x21, 0x12, 0x0c, 0xff, 0x22, 0x13, 0x0d, 0xff, 0x21, 0x12, 0x0c, 0xff,
	0x21, 0x11, 0x0b, 0xff, 0x20, 0x11, 0x0b, 0xff, 0x20, 0x11, 0x0b, 0xff, 0x20, 0x11, 0x0b, 0xff, 0x1e,
	0x10, 0x0b, 0xff, 0x1d, 0x10, 0x0a, 0xff, 0x1d, 0x0f, 0x0a, 0xff, 0x1d, 0x0f, 0x0a, 0xff, 0x1b, 0x0f,
	0x0a, 0xff, 0x19, 0x10, 0x0a, 0xff, 0x18, 0x10, 0x09, 0xff, 0x1a, 0x11, 0x0b, 0xff, 0x1a, 0x10, 0x0a,
	0xff, 0x1b, 0x0f, 0x09, 0xff, 0x1b, 0x0f, 0x0a, 0xff, 0x1b, 0x0f, 0x0a, 0xff, 0x1b, 0x0f, 0x0a, 0xff,
	0x1c, 0x0f, 0x0a, 0xff, 0x1b, 0x0f, 0x0a, 0xff, 0x1b, 0x0f, 0x0a, 0xff, 0x1b, 0x0f, 0x0a, 0xff, 0x1c,
	0x0f, 0x0a, 0xff, 0x1b, 0x0f, 0x09, 0xff, 0x1b, 0x0f, 0x09, 0xff, 0x1b, 0x10, 0x0a, 0xff, 0x1d, 0x11,
	0x0c, 0xff, 0x16, 0x0c, 0x09, 0xff, 0x2f, 0x19, 0x0c, 0xff, 0x36, 0x1f, 0x12, 0xff, 0x31, 0x1c, 0x11,
	0xff, 0x4c, 0x2f, 0x23, 0x79, 0x00, 0x00, 0x00, 0x00, 0x89, 0x5e, 0x52, 0x04, 0x34, 0x1f, 0x13, 0xe3,
	0x30, 0x1b, 0x0f, 0xff, 0x39, 0x20, 0x0d, 0xff, 0x12, 0x0a, 0x07, 0xff, 0x1c, 0x11, 0x0c, 0xff, 0x1c,
	0x0f, 0x0a, 0xff, 0x1c, 0x0f, 0x0a, 0xff, 0x1c, 0x0f, 0x0a, 0xff, 0x1b, 0x0f, 0x09, 0xff, 0x1b, 0x0f,
	0x09, 0xff, 0x1a, 0x0e, 0x09, 0xff, 0x1b, 0x0e, 0x09, 0xff, 0x1b, 0x0e, 0x09, 0xff, 0x1b, 0x0e, 0x09,
	0xff, 0x1b, 0x0f, 0x09, 0xff, 0x1b, 0x0e, 0x09, 0xff, 0x1b, 0x0e, 0x09, 0xff, 0x1c, 0x0f, 0x0a, 0xff,
	0x23, 0x16, 0x10, 0xff, 0x1c, 0x11, 0x0b, 0xff, 0x1c, 0x10, 0x0a, 0xff, 0x1b, 0x0f, 0x0a, 0xff, 0x1b,
	0x0f, 0x0a, 0xff, 0x1c, 0x11, 0x0b, 0xff, 0x1d, 0x12, 0x0c, 0xff, 0x1f, 0x13, 0x0e, 0xff, 0x1c, 0x0f,
	0x0a, 0xff, 0x1d, 0x0f, 0x0a, 0xff, 0x1e, 0x10, 0x0b, 0xff, 0x1f, 0x12, 0x0b, 0xff, 0x1f, 0x10, 0x0b,
	0xff, 0x1e, 0x0f, 0x0a, 0xff, 0x1e, 0x0f, 0x0a, 0xff, 0x1e, 0x0f, 0x0a, 0xff, 0x1d, 0x0f, 0x0a, 0xff,
	0x1c, 0x0f, 0x0a, 0xff, 0x1c, 0x0f, 0x0a, 0xff, 0x1d, 0x10, 0x0b, 0xff, 0x1c, 0x0f, 0x0a, 0xff, 0x1b,
	0x10, 0x0a, 0xff, 0x19, 0x0f, 0x09, 0xff, 0x19, 0x11, 0x0a, 0xff, 0x1a, 0x11, 0x0b, 0xff, 0x1a, 0x10,
	0x0a, 0xff, 0x1d, 0x11, 0x0b, 0xff, 0x1b, 0x0f, 0x0a, 0xff, 0x1b, 0x0f, 0x0a, 0xff, 0x1c, 0x10, 0x0a,
	0xff, 0x1c, 0x0f, 0x0a, 0xff, 0x1c, 0x10, 0x0b, 0xff, 0x1b, 0x0f, 0x09, 0xff, 0x23, 0x16, 0x12, 0xff,
	0x1b, 0x0e, 0x09, 0xff, 0x1b, 0x0e, 0x09, 0xff, 0x1b, 0x0f, 0x09, 0xff, 0x1b, 0x11, 0x0b, 0xff, 0x1b,
	0x12, 0x0c, 0xff, 0x1c, 0x12, 0x0d, 0xff, 0x12, 0x0a, 0x08, 0xff, 0x3b, 0x1f, 0x0d, 0xff, 0x30, 0x1b,
	0x10, 0xff, 0x37, 0x21, 0x15, 0xed, 0x99, 0x64, 0x4f, 0x0a, 0x4d, 0x30, 0x22, 0x4d, 0x2e, 0x19, 0x0f,
	0xff, 0x37, 0x1e, 0x0f, 0xff, 0x1e, 0x0f, 0x06, 0xff, 0x1d, 0x10, 0x0b, 0xff, 0x1c, 0x11, 0x0b, 0xff,
	0x1c, 0x11, 0x0b, 0xff, 0x1b, 0x0f, 0x0a, 0xff, 0x1b, 0x0f, 0x0a, 0xff, 0x1b, 0x0f, 0x09, 0xff, 0x1b,
	0x0f, 0x09, 0xff, 0x1b, 0x0f, 0x09, 0xff, 0x1b, 0x0f, 0x09, 0xff, 0x1b, 0x0f, 0x09, 0xff, 0x1a, 0x0e,
	0x09, 0xff, 0x1a, 0x0e, 0x09, 0xff, 0x1a, 0x0e, 0x09, 0xff, 0x1b, 0x0e, 0x09, 0xff, 0x1b, 0x0f, 0x0a,
	0xff, 0x1b, 0x0f, 0x0a, 0xff, 0x1c, 0x11, 0x0b, 0xff, 0x1c, 0x10, 0x0b, 0xff, 0x1b, 0x0f, 0x0a, 0xff,
	0x1b, 0x0f, 0x09, 0xff, 0x1b, 0x10, 0x0a, 0xff, 0x1b, 0x10, 0x0a, 0xff, 0x1c, 0x10, 0x0a, 0xff, 0x1c,
	0x10, 0x0a, 0xff, 0x1c, 0x0f, 0x0a, 0xff, 0x1c, 0x0f, 0x0a, 0xff, 0x1d, 0x0f, 0x0a, 0xff, 0x1d, 0x10,
	0x0a, 0xff, 0x1d, 0x0f, 0x0a, 0xff, 0x1d, 0x10, 0x0a, 0xff, 0x1d, 0x0f, 0x0a, 0xff, 0x1c, 0x10, 0x0a,
	0xff, 0x1c, 0x11, 0x0c, 0xff, 0x1b, 0x11, 0x0a, 0xff, 0x1b, 0x11, 0x0b, 0xff, 0x1b, 0x11, 0x0b, 0xff,
	0x1b, 0x10, 0x0a, 0xff, 0x19, 0x0f, 0x09, 0xff, 0x19, 0x10, 0x0a, 0xff, 0x19, 0x11, 0x0a, 0xff, 0x1a,
	0x11, 0x0b, 0xff, 0x1b, 0x11, 0x0b, 0xff, 0x1c, 0x10, 0x0a, 0xff, 0x1c, 0x0f, 0x0a, 0xff, 0x1c, 0x0f,
	0x0a, 0xff, 0x1b, 0x0f, 0x0a, 0xff, 0x1b, 0x0f, 0x0a, 0xff, 0x1b, 0x0f, 0x09, 0xff, 0x1b, 0x0e, 0x09,
	0xff, 0x1c, 0x0f, 0x09, 0xff, 0x25, 0x18, 0x13, 0xff, 0x1b, 0x11, 0x0b, 0xff, 0x1b, 0x12, 0x0c, 0xff,
	0x1b, 0x12, 0x0c, 0xff, 0x1b, 0x13, 0x0c, 0xff, 0x1c, 0x12, 0x0d, 0xff, 0x1b, 0x0e, 0x06, 0xff, 0x39,
	0x20, 0x11, 0xff, 0x2f, 0x1b, 0x11, 0xff, 0x4e, 0x30, 0x22, 0x55, 0x3f, 0x24, 0x18, 0x93, 0x2e, 0x18,
	0x0f, 0xff, 0x36, 0x1b, 0x0d, 0xff, 0x12, 0x09, 0x07, 0xff, 0x1c, 0x0f, 0x0a, 0xff, 0x1b, 0x10, 0x0a,
	0xff, 0x1b, 0x11, 0x0c, 0xff, 0x1d, 0x12, 0x0c, 0xff, 0x1c, 0x10, 0x0a, 0xff, 0x1f, 0x13, 0x0c, 0xff,
	0x1f, 0x13, 0x0d, 0xff, 0x1b, 0x0f, 0x0a, 0xff, 0x1b, 0x10, 0x0a, 0xff, 0x1b, 0x0f, 0x0a, 0xff, 0x1b,
	0x0f, 0x09, 0xff, 0x1a, 0x0e, 0x09, 0xff, 0x20, 0x14, 0x0e, 0xff, 0x1c, 0x10, 0x0a, 0xff, 0x1c, 0x0f,
	0x0a, 0xff, 0x1a, 0x0f, 0x0a, 0xff, 0x1c, 0x12, 0x0c, 0xff, 0x1b, 0x11, 0x0a, 0xff, 0x1c, 0x12, 0x0c,
	0xff, 0x1d, 0x12, 0x0c, 0xff, 0x1d, 0x11, 0x0c, 0xff, 0x29, 0x1c, 0x16, 0xff, 0x1e, 0x10, 0x0b, 0xff,
	0x1d, 0x0f, 0x0a, 0xff, 0x1c, 0x0f, 0x0a, 0xff, 0x1d, 0x0f, 0x0a, 0xff, 0x1d, 0x0f, 0x0a, 0xff, 0x1e,
	0x10, 0x0a, 0xff, 0x23, 0x15, 0x10, 0xff, 0x1d, 0x0f, 0x0a, 0xff, 0x1d, 0x0f, 0x0a, 0xff, 0x1c, 0x10,
	0x0a, 0xff, 0x1d, 0x12, 0x0c, 0xff, 0x1c, 0x12, 0x0c, 0xff, 0x1b, 0x12, 0x0b, 0xff, 0x1b, 0x11, 0x0b,
	0xff, 0x1b, 0x11, 0x0b, 0xff, 0x1a, 0x11, 0x0a, 0xff, 0x1a, 0x11, 0x0b, 0xff, 0x1a, 0x10, 0x0a, 0xff,
	0x20, 0x15, 0x10, 0xff, 0x1b, 0x10, 0x0a, 0xff, 0x1c, 0x0f, 0x0a, 0xff, 0x1c, 0x0f, 0x0a, 0xff, 0x25,
	0x18, 0x13, 0xff, 0x1b, 0x10, 0x0a, 0xff, 0x1b, 0x0f, 0x0a, 0xff, 0x1c, 0x0f, 0x0a, 0xff, 0x1d, 0x10,
	0x0a, 0xff, 0x1c, 0x10, 0x0a, 0xff, 0x1c, 0x10, 0x0a, 0xff, 0x1a, 0x0f, 0x09, 0xff, 0x1a, 0x10, 0x09,
	0xff, 0x1a, 0x11, 0x0a, 0xff, 0x1b, 0x12, 0x0b, 0xff, 0x1c, 0x12, 0x0c, 0xff, 0x12, 0x0a, 0x08, 0xff,
	0x35, 0x1c, 0x0d, 0xff, 0x2f, 0x1a, 0x10, 0xff, 0x43, 0x28, 0x1b, 0x9c, 0x39, 0x20, 0x15, 0xbe, 0x2d,
	0x18, 0x0f, 0xff, 0x2b, 0x15, 0x0b, 0xff, 0x17, 0x0d, 0x09, 0xff, 0x1b, 0x10, 0x0a, 0xff, 0x1a, 0x11,
	0x0b, 0xff, 0x1b, 0x12, 0x0c, 0xff, 0x1b, 0x12, 0x0c, 0xff, 0x1c, 0x12, 0x0c, 0xff, 0x1d, 0x12, 0x0c,
	0xff, 0x1d, 0x12, 0x0c, 0xff, 0x1a, 0x10, 0x0a, 0xff, 0x1a, 0x10, 0x0a, 0xff, 0x1b, 0x10, 0x0a, 0xff,
	0x1c, 0x10, 0x0b, 0xff, 0x1b, 0x10, 0x0a, 0xff, 0x20, 0x14, 0x0e, 0xff, 0x1b, 0x0f, 0x0a, 0xff, 0x1a,
	0x0f, 0x09, 0xff, 0x1a, 0x0f, 0x0a, 0xff, 0x1b, 0x12, 0x0c, 0xff, 0x1b, 0x12, 0x0c, 0xff, 0x1b, 0x12,
	0x0c, 0xff, 0x1b, 0x12, 0x0c, 0xff, 0x1b, 0x10, 0x0a, 0xff, 0x1d, 0x10, 0x0a, 0xff, 0x1e, 0x10, 0x0a,
	0xff, 0x1e, 0x10, 0x0a, 0xff, 0x1f, 0x10, 0x0a, 0xff, 0x21, 0x11, 0x0b, 0xff, 0x21, 0x11, 0x0b, 0xff,
	0x21, 0x11, 0x0b, 0xff, 0x20, 0x11, 0x0b, 0xff, 0x20, 0x11, 0x0b, 0xff, 0x1f, 0x11, 0x0a, 0xff, 0x1e,
	0x11, 0x0a, 0xff, 0x1c, 0x10, 0x0a, 0xff, 0x1c, 0x10, 0x0a, 0xff, 0x1c, 0x12, 0x0c, 0xff, 0x1c, 0x12,
	0x0c, 0xff, 0x1b, 0x11, 0x0b, 0xff, 0x1b, 0x10, 0x0a, 0xff, 0x1b, 0x10, 0x0a, 0xff, 0x1c, 0x10, 0x0a,
	0xff, 0x1c, 0x11, 0x0b, 0xff, 0x1b, 0x0f, 0x0a, 0xff, 0x1b, 0x0f, 0x0a, 0xff, 0x1a, 0x0f, 0x09, 0xff,
	0x1b, 0x11, 0x0b, 0xff, 0x1b, 0x11, 0x0b, 0xff, 0x1c, 0x12, 0x0c, 0xff, 0x1c, 0x11, 0x0c, 0xff, 0x1c,
	0x10, 0x0b, 0xff, 0x1c, 0x10, 0x0b, 0xff, 0x1b, 0x0f, 0x0a, 0xff, 0x1b, 0x0e, 0x09, 0xff, 0x1b, 0x0f,
	0x09, 0xff, 0x1a, 0x0f, 0x09, 0xff, 0x1a, 0x10, 0x0a, 0xff, 0x1b, 0x12, 0x0c, 0xff, 0x18, 0x0f, 0x0b,
	0xff, 0x29, 0x14, 0x0a, 0xff, 0x30, 0x19, 0x10, 0xff, 0x3e, 0x24, 0x17, 0xca, 0x37, 0x1f, 0x13, 0xd5,
	0x2d, 0x17, 0x0e, 0xff, 0x24, 0x10, 0x08, 0xff, 0x1a, 0x0f, 0x0a, 0xff, 0x1b, 0x11, 0x0b, 0xff, 0x1a,
	0x11, 0x0b, 0xff, 0x28, 0x1d, 0x16, 0xff, 0x1a, 0x12, 0x0c, 0xff, 0x1b, 0x12, 0x0c, 0xff, 0x1c, 0x13,
	0x0c, 0xff, 0x1b, 0x12, 0x0c, 0xff, 0x1b, 0x12, 0x0c, 0xff, 0x1b, 0x11, 0x0b, 0xff, 0x1b, 0x11, 0x0b,
	0xff, 0x1c, 0x11, 0x0b, 0xff, 0x1a, 0x10, 0x0a, 0xff, 0x1b, 0x11, 0x0b, 0xff, 0x1b, 0x10, 0x0a, 0xff,
	0x1b, 0x0f, 0x0a, 0xff, 0x1c, 0x11, 0x0b, 0xff, 0x1c, 0x12, 0x0c, 0xff, 0x1b, 0x13, 0x0c, 0xff, 0x1b,
	0x12, 0x0c, 0xff, 0x1c, 0x11, 0x0b, 0xff, 0x1b, 0x0f, 0x0a, 0xff, 0x1d, 0x0f, 0x0a, 0xff, 0x21, 0x11,
	0x0b, 0xff, 0x22, 0x12, 0x0c, 0xff, 0x24, 0x13, 0x0c, 0xff, 0x25, 0x13, 0x0c, 0xff, 0x26, 0x14, 0x0c,
	0xff, 0x26, 0x14, 0x0c, 0xff, 0x26, 0x14, 0x0c, 0xff, 0x25, 0x14, 0x0c, 0xff, 0x24, 0x13, 0x0c, 0xff,
	0x23, 0x13, 0x0c, 0xff, 0x22, 0x13, 0x0d, 0xff, 0x20, 0x12, 0x0b, 0xff, 0x1e, 0x11, 0x0b, 0xff, 0x1d,
	0x10, 0x0a, 0xff, 0x1d, 0x10, 0x0a, 0xff, 0x29, 0x1a, 0x15, 0xff, 0x1b, 0x10, 0x0a, 0xff, 0x1c, 0x11,
	0x0c, 0xff, 0x1c, 0x12, 0x0c, 0xff, 0x1b, 0x11, 0x0b, 0xff, 0x1b, 0x11, 0x0b, 0xff, 0x1b, 0x11, 0x0b,
	0xff, 0x1b, 0x12, 0x0c, 0xff, 0x1e, 0x14, 0x0e, 0xff, 0x1b, 0x12, 0x0c, 0xff, 0x1c, 0x12, 0x0c, 0xff,
	0x1a, 0x11, 0x0a, 0xff, 0x1c, 0x11, 0x0b, 0xff, 0x1b, 0x10, 0x0a, 0xff, 0x1b, 0x10, 0x0a, 0xff, 0x1c,
	0x11, 0x0b, 0xff, 0x1b, 0x11, 0x0b, 0xff, 0x1b, 0x10, 0x0a, 0xff, 0x1b, 0x11, 0x0b, 0xff, 0x1b, 0x10,
	0x0b, 0xff, 0x25, 0x11, 0x08, 0xff, 0x2e, 0x18, 0x0f, 0xff, 0x3c, 0x23, 0x15, 0xdf, 0x36, 0x1e, 0x13,
	0xdf, 0x2d, 0x18, 0x0f, 0xff, 0x22, 0x0f, 0x07, 0xff, 0x1b, 0x11, 0x0c, 0xff, 0x1b, 0x12, 0x0c, 0xff,
	0x1b, 0x12, 0x0b, 0xff, 0x1b, 0x12, 0x0b, 0xff, 0x1b, 0x13, 0x0c, 0xff, 0x1b, 0x13, 0x0c, 0xff, 0x1b,
	0x12, 0x0b, 0xff, 0x1b, 0x12, 0x0c, 0xff, 0x1b, 0x12, 0x0b, 0xff, 0x1b, 0x12, 0x0c, 0xff, 0x1d, 0x14,
	0x0d, 0xff, 0x1b, 0x12, 0x0c, 0xff, 0x1b, 0x12, 0x0b, 0xff, 0x1b, 0x12, 0x0b, 0xff, 0x1b, 0x10, 0x0a,
	0xff, 0x1b, 0x10, 0x0a, 0xff, 0x1c, 0x10, 0x0a, 0xff, 0x1d, 0x11, 0x0b, 0xff, 0x1c, 0x12, 0x0b, 0xff,
	0x1c, 0x11, 0x0b, 0xff, 0x1d, 0x11, 0x0a, 0xff, 0x1e, 0x10, 0x0a, 0xff, 0x22, 0x12, 0x0b, 0xff, 0x24,
	0x13, 0x0c, 0xff, 0x26, 0x14, 0x0c, 0xff, 0x29, 0x15, 0x0b, 0xff, 0x2b, 0x16, 0x0b, 0xff, 0x2e, 0x17,
	0x0b, 0xff, 0x2f, 0x18, 0x0c, 0xff, 0x2f, 0x17, 0x0c, 0xff, 0x2d, 0x17, 0x0b, 0xff, 0x2c, 0x16, 0x0b,
	0xff, 0x29, 0x15, 0x0c, 0xff, 0x24, 0x13, 0x0c, 0xff, 0x23, 0x14, 0x0c, 0xff, 0x23, 0x13, 0x0c, 0xff,
	0x21, 0x13, 0x0d, 0xff, 0x1d, 0x0f, 0x0a, 0xff, 0x1c, 0x0f, 0x0a, 0xff, 0x1b, 0x0f, 0x0a, 0xff, 0x1c,
	0x11, 0x0c, 0xff, 0x1c, 0x12, 0x0c, 0xff, 0x1b, 0x12, 0x0c, 0xff, 0x1b, 0x12, 0x0b, 0xff, 0x1b, 0x12,
	0x0b, 0xff, 0x1b, 0x12, 0x0c, 0xff, 0x1c, 0x12, 0x0b, 0xff, 0x1b, 0x11, 0x0b, 0xff, 0x1c, 0x11, 0x0b,
	0xff, 0x20, 0x16, 0x0f, 0xff, 0x1c, 0x12, 0x0c, 0xff, 0x1c, 0x11, 0x0b, 0xff, 0x1c, 0x11, 0x0c, 0xff,
	0x1c, 0x12, 0x0b, 0xff, 0x1c, 0x11, 0x0b, 0xff, 0x1c, 0x10, 0x0a, 0xff, 0x1b, 0x10, 0x0a, 0xff, 0x1c,
	0x10, 0x0b, 0xff, 0x23, 0x0f, 0x07, 0xff, 0x2e, 0x18, 0x0e, 0xff, 0x38, 0x20, 0x12, 0xdf, 0x37, 0x1f,
	0x14, 0xdf, 0x2e, 0x19, 0x10, 0xff, 0x22, 0x0f, 0x06, 0xff, 0x1b, 0x11, 0x0c, 0xff, 0x1b, 0x12, 0x0c,
	0xff, 0x1b, 0x12, 0x0b, 0xff, 0x1b, 0x12, 0x0b, 0xff, 0x1b, 0x12, 0x0b, 0xff, 0x1b, 0x12, 0x0c, 0xff,
	0x1b, 0x12, 0x0c, 0xff, 0x1c, 0x12, 0x0c, 0xff, 0x1b, 0x12, 0x0c, 0xff, 0x1b, 0x13, 0x0c, 0xff, 0x1c,
	0x12, 0x0c, 0xff, 0x1b, 0x12, 0x0c, 0xff, 0x1b, 0x12, 0x0b, 0xff, 0x1c, 0x12, 0x0c, 0xff, 0x1c, 0x11,
	0x0b, 0xff, 0x1f, 0x12, 0x0c, 0xff, 0x1e, 0x11, 0x0c, 0xff, 0x1e, 0x11, 0x0c, 0xff, 0x1c, 0x10, 0x0a,
	0xff, 0x1c, 0x10, 0x0a, 0xff, 0x1f, 0x11, 0x0b, 0xff, 0x23, 0x13, 0x0c, 0xff, 0x25, 0x13, 0x0c, 0xff,
	0x28, 0x15, 0x0c, 0xff, 0x2c, 0x17, 0x0b, 0xff, 0x31, 0x19, 0x0c, 0xff, 0x36, 0x1b, 0x0d, 0xff, 0x3a,
	0x1d, 0x0e, 0xff, 0x3d, 0x1e, 0x0d, 0xff, 0x3d, 0x1e, 0x0d, 0xff, 0x3b, 0x1d, 0x0d, 0xff, 0x35, 0x1a,
	0x0c, 0xff, 0x30, 0x18, 0x0b, 0xff, 0x2c, 0x17, 0x0b, 0xff, 0x28, 0x16, 0x0b, 0xff, 0x25, 0x14, 0x0c,
	0xff, 0x22, 0x12, 0x0c, 0xff, 0x1d, 0x10, 0x0a, 0xff, 0x1c, 0x0f, 0x0a, 0xff, 0x1b, 0x0f, 0x0a, 0xff,
	0x1b, 0x10, 0x0a, 0xff, 0x1b, 0x10, 0x0a, 0xff, 0x1b, 0x10, 0x0a, 0xff, 0x1f, 0x14, 0x0e, 0xff, 0x1b,
	0x12, 0x0b, 0xff, 0x1c, 0x12, 0x0c, 0xff, 0x1c, 0x12, 0x0c, 0xff, 0x1c, 0x11, 0x0b, 0xff, 0x1c, 0x10,
	0x0b, 0xff, 0x24, 0x17, 0x11, 0xff, 0x1c, 0x11, 0x0c, 0xff, 0x1b, 0x10, 0x0a, 0xff, 0x1b, 0x10, 0x0a,
	0xff, 0x1b, 0x10, 0x0b, 0xff, 0x1b, 0x10, 0x0b, 0xff, 0x1c, 0x10, 0x0a, 0xff, 0x1b, 0x0f, 0x0a, 0xff,
	0x1d, 0x11, 0x0b, 0xff, 0x22, 0x0f, 0x07, 0xff, 0x2d, 0x18, 0x0e, 0xff, 0x36, 0x1f, 0x12, 0xdf, 0x38,
	0x1f, 0x13, 0xdf, 0x2d, 0x19, 0x0f, 0xff, 0x23, 0x0f, 0x07, 0xff, 0x1c, 0x10, 0x0b, 0xff, 0x1b, 0x12,
	0x0c, 0xff, 0x1c, 0x12, 0x0c, 0xff, 0x1c, 0x11, 0x0b, 0xff, 0x1c, 0x10, 0x0b, 0xff, 0x1c, 0x10, 0x0b,
	0xff, 0x1b, 0x10, 0x0b, 0xff, 0x1f, 0x13, 0x0d, 0xff, 0x1b, 0x10, 0x0a, 0xff, 0x22, 0x16, 0x10, 0xff,
	0x1c, 0x11, 0x0b, 0xff, 0x1c, 0x10, 0x0a, 0xff, 0x1b, 0x10, 0x0b, 0xff, 0x1b, 0x10, 0x0a, 0xff, 0x1b,
	0x10, 0x0a, 0xff, 0x1c, 0x0f, 0x0a, 0xff, 0x1c, 0x0f, 0x0a, 0xff, 0x1d, 0x0f, 0x0a, 0xff, 0x21, 0x13,
	0x0d, 0xff, 0x20, 0x11, 0x0b, 0xff, 0x25, 0x15, 0x0d, 0xff, 0x26, 0x14, 0x0c, 0xff, 0x29, 0x16, 0x0c,
	0xff, 0x2f, 0x19, 0x0d, 0xff, 0x35, 0x1c, 0x0d, 0xff, 0x3f, 0x1f, 0x0d, 0xff, 0x48, 0x23, 0x0d, 0xff,
	0x52, 0x27, 0x0e, 0xff, 0x57, 0x2a, 0x0e, 0xff, 0x5a, 0x2b, 0x0d, 0xff, 0x51, 0x28, 0x0d, 0xff, 0x47,
	0x22, 0x0c, 0xff, 0x3c, 0x1e, 0x0c, 0xff, 0x34, 0x1b, 0x0c, 0xff, 0x2c, 0x17, 0x0b, 0xff, 0x29, 0x16,
	0x0b, 0xff, 0x25, 0x14, 0x0c, 0xff, 0x22, 0x12, 0x0c, 0xff, 0x1e, 0x10, 0x0b, 0xff, 0x1c, 0x10, 0x0a,
	0xff, 0x1c, 0x10, 0x0a, 0xff, 0x1c, 0x0f, 0x0a, 0xff, 0x1c, 0x0f, 0x0a, 0xff, 0x1c, 0x0f, 0x0a, 0xff,
	0x1b, 0x10, 0x0a, 0xff, 0x1c, 0x10, 0x0a, 0xff, 0x1c, 0x10, 0x0a, 0xff, 0x1d, 0x11, 0x0b, 0xff, 0x1e,
	0x11, 0x0b, 0xff, 0x1d, 0x10, 0x0b, 0xff, 0x1d, 0x10, 0x0b, 0xff, 0x1f, 0x12, 0x0c, 0xff, 0x1c, 0x10,
	0x0a, 0xff, 0x1c, 0x10, 0x0a, 0xff, 0x2d, 0x1e, 0x18, 0xff, 0x1c, 0x10, 0x0a, 0xff, 0x1c, 0x10, 0x0b,
	0xff, 0x1d, 0x11, 0x0c, 0xff, 0x22, 0x10, 0x07, 0xff, 0x2d, 0x18, 0x0e, 0xff, 0x38, 0x20, 0x13, 0xdf,
	0x39, 0x20, 0x14, 0xdf, 0x2e, 0x1a, 0x10, 0xff, 0x24, 0x0f, 0x07, 0xff, 0x1e, 0x10, 0x0c, 0xff, 0x1e,
	0x11, 0x0c, 0xff, 0x20, 0x13, 0x0d, 0xff, 0x1e, 0x11, 0x0c, 0xff, 0x1e, 0x11, 0x0c, 0xff, 0x1e, 0x11,
	0x0c, 0xff, 0x1d, 0x10, 0x0a, 0xff, 0x20, 0x13, 0x0d, 0xff, 0x1d, 0x10, 0x0b, 0xff, 0x1e, 0x11, 0x0b,
	0xff, 0x1f, 0x12, 0x0d, 0xff, 0x1f, 0x11, 0x0c, 0xff, 0x1d, 0x10, 0x0b, 0xff, 0x1d, 0x10, 0x0b, 0xff,
	0x1e, 0x10, 0x0b, 0xff, 0x1d, 0x0f, 0x0a, 0xff, 0x1c, 0x0f, 0x0a, 0xff, 0x1d, 0x10, 0x0b, 0xff, 0x22,
	0x13, 0x0d, 0xff, 0x22, 0x12, 0x0c, 0xff, 0x25, 0x15, 0x0c, 0xff, 0x29, 0x16, 0x0b, 0xff, 0x2f, 0x19,
	0x0c, 0xff, 0x36, 0x1c, 0x0e, 0xff, 0x44, 0x24, 0x12, 0xff, 0x53, 0x28, 0x0e, 0xff, 0x6a, 0x34, 0x11,
	0xff, 0x79, 0x3a, 0x11, 0xff, 0x81, 0x3e, 0x10, 0xff, 0x8e, 0x46, 0x0e, 0xff, 0x80, 0x42, 0x12, 0xff,
	0x5d, 0x2f, 0x0e, 0xff, 0x4f, 0x27, 0x0e, 0xff, 0x45, 0x26, 0x14, 0xff, 0x34, 0x1b, 0x0c, 0xff, 0x2d,
	0x18, 0x0b, 0xff, 0x29, 0x16, 0x0c, 0xff, 0x25, 0x14, 0x0c, 0xff, 0x21, 0x12, 0x0c, 0xff, 0x1e, 0x11,
	0x0b, 0xff, 0x1e, 0x11, 0x0c, 0xff, 0x1e, 0x10, 0x0b, 0xff, 0x26, 0x17, 0x11, 0xff, 0x1e, 0x11, 0x0b,
	0xff, 0x1c, 0x0f, 0x0a, 0xff, 0x1d, 0x10, 0x0b, 0xff, 0x23, 0x15, 0x0f, 0xff, 0x1e, 0x11, 0x0b, 0xff,
	0x1e, 0x11, 0x0c, 0xff, 0x1e, 0x11, 0x0c, 0xff, 0x1e, 0x11, 0x0c, 0xff, 0x1d, 0x10, 0x0b, 0xff, 0x1d,
	0x10, 0x0b, 0xff, 0x1e, 0x12, 0x0c, 0xff, 0x20, 0x12, 0x0c, 0xff, 0x1f, 0x11, 0x0c, 0xff, 0x1e, 0x11,
	0x0c, 0xff, 0x1f, 0x12, 0x0c, 0xff, 0x22, 0x0f, 0x06, 0xff, 0x2f, 0x19, 0x0f, 0xff, 0x39, 0x21, 0x13,
	0xdf, 0x3b, 0x22, 0x14, 0xdf, 0x2f, 0x1a, 0x10, 0xff, 0x27, 0x11, 0x08, 0xff, 0x1f, 0x11, 0x0d, 0xff,
	0x27, 0x19, 0x12, 0xff, 0x1f, 0x12, 0x0c, 0xff, 0x1f, 0x11, 0x0c, 0xff, 0x1f, 0x11, 0x0c, 0xff, 0x1f,
	0x11, 0x0c, 0xff, 0x1f, 0x11, 0x0b, 0xff, 0x1f, 0x12, 0x0c, 0xff, 0x1f, 0x12, 0x0c, 0xff, 0x20, 0x12,
	0x0d, 0xff, 0x20, 0x12, 0x0d, 0xff, 0x1f, 0x11, 0x0c, 0xff, 0x1e, 0x11, 0x0b, 0xff, 0x22, 0x14, 0x0f,
	0xff, 0x22, 0x13, 0x0d, 0xff, 0x1f, 0x11, 0x0b, 0xff, 0x1e, 0x11, 0x0b, 0xff, 0x1f, 0x11, 0x0b, 0xff,
	0x22, 0x13, 0x0c, 0xff, 0x24, 0x14, 0x0c, 0xff, 0x27, 0x16, 0x0c, 0xff, 0x2d, 0x18, 0x0c, 0xff, 0x36,
	0x1b, 0x0d, 0xff, 0x42, 0x20, 0x0d, 0xff, 0x51, 0x28, 0x0e, 0xff, 0x75, 0x37, 0x10, 0xff, 0xba, 0x5e,
	0x0a, 0xff, 0xdf, 0x7e, 0x0b, 0xff, 0xeb, 0x8b, 0x06, 0xff, 0xf2, 0x90, 0x09, 0xff, 0xf2, 0x98, 0x0e,
	0xff, 0xb0, 0x5c, 0x13, 0xff, 0x6e, 0x34, 0x0c, 0xff, 0x4d, 0x26, 0x0e, 0xff, 0x3e, 0x1f, 0x0e, 0xff,
	0x35, 0x1b, 0x0c, 0xff, 0x2c, 0x18, 0x0b, 0xff, 0x27, 0x16, 0x0c, 0xff, 0x23, 0x14, 0x0d, 0xff, 0x1f,
	0x11, 0x0c, 0xff, 0x1e, 0x11, 0x0c, 0xff, 0x1e, 0x11, 0x0c, 0xff, 0x1e, 0x11, 0x0c, 0xff, 0x1e, 0x11,
	0x0b, 0xff, 0x1e, 0x11, 0x0b, 0xff, 0x1e, 0x11, 0x0c, 0xff, 0x1f, 0x11, 0x0c, 0xff, 0x1e, 0x11, 0x0c,
	0xff, 0x1f, 0x11, 0x0c, 0xff, 0x1e, 0x11, 0x0c, 0xff, 0x1f, 0x11, 0x0c, 0xff, 0x1f, 0x11, 0x0c, 0xff,
	0x1e, 0x11, 0x0c, 0xff, 0x1f, 0x12, 0x0c, 0xff, 0x1f, 0x12, 0x0c, 0xff, 0x1f, 0x11, 0x0c, 0xff, 0x1f,
	0x11, 0x0c, 0xff, 0x20, 0x12, 0x0c, 0xff, 0x25, 0x10, 0x07, 0xff, 0x30, 0x1a, 0x10, 0xff, 0x3c, 0x23,
	0x13, 0xdf, 0x3c, 0x22, 0x13, 0xdf, 0x30, 0x1a, 0x10, 0xff, 0x29, 0x12, 0x08, 0xff, 0x1f, 0x12, 0x0c,
	0xff, 0x20, 0x13, 0x0e, 0xff, 0x1f, 0x12, 0x0c, 0xff, 0x1f, 0x12, 0x0c, 0xff, 0x1f, 0x12, 0x0d, 0xff,
	0x1f, 0x12, 0x0c, 0xff, 0x20, 0x12, 0x0d, 0xff, 0x1f, 0x12, 0x0d, 0xff, 0x1f, 0x12, 0x0c, 0xff, 0x20,
	0x12, 0x0d, 0xff, 0x20, 0x12, 0x0d, 0xff, 0x20, 0x12, 0x0c, 0xff, 0x1f, 0x11, 0x0c, 0xff, 0x1f, 0x11,
	0x0c, 0xff, 0x21, 0x12, 0x0d, 0xff, 0x29, 0x19, 0x13, 0xff, 0x21, 0x12, 0x0c, 0xff, 0x22, 0x13, 0x0c,
	0xff, 0x26, 0x16, 0x0e, 0xff, 0x27, 0x15, 0x0c, 0xff, 0x2a, 0x17, 0x0c, 0xff, 0x32, 0x1a, 0x0d, 0xff,
	0x46, 0x26, 0x16, 0xff, 0x4f, 0x26, 0x0e, 0xff, 0x6b, 0x32, 0x0f, 0xff, 0xb3, 0x59, 0x0e, 0xff, 0xfa,
	0xb6, 0x4c, 0xff, 0xff, 0xe8, 0xa7, 0xff, 0xff, 0xe4, 0x9e, 0xff, 0xff, 0xe3, 0x9c, 0xff, 0xff, 0xea,
	0xa7, 0xff, 0xfb, 0xbf, 0x51, 0xff, 0xaa, 0x5a, 0x04, 0xff, 0x6a, 0x31, 0x0d, 0xff, 0x4c, 0x25, 0x0e,
	0xff, 0x3c, 0x1e, 0x0d, 0xff, 0x33, 0x1b, 0x0e, 0xff, 0x29, 0x17, 0x0c, 0xff, 0x26, 0x16, 0x0d, 0xff,
	0x22, 0x13, 0x0d, 0xff, 0x1f, 0x12, 0x0c, 0xff, 0x20, 0x12, 0x0c, 0xff, 0x1f, 0x11, 0x0c, 0xff, 0x1f,
	0x11, 0x0c, 0xff, 0x1f, 0x11, 0x0c, 0xff, 0x27, 0x19, 0x13, 0xff, 0x1f, 0x12, 0x0c, 0xff, 0x1f, 0x12,
	0x0d, 0xff, 0x20, 0x12, 0x0d, 0xff, 0x20, 0x12, 0x0d, 0xff, 0x1f, 0x12, 0x0c, 0xff, 0x1f, 0x12, 0x0c,
	0xff, 0x23, 0x15, 0x0f, 0xff, 0x1f, 0x11, 0x0c, 0xff, 0x1f, 0x11, 0x0c, 0xff, 0x1f, 0x11, 0x0c, 0xff,
	0x1f, 0x12, 0x0c, 0xff, 0x20, 0x12, 0x0c, 0xff, 0x28, 0x12, 0x07, 0xff, 0x31, 0x1b, 0x10, 0xff, 0x3d,
	0x23, 0x12, 0xdf, 0x3f, 0x23, 0x15, 0xdf, 0x32, 0x1c, 0x11, 0xff, 0x2d, 0x15, 0x08, 0xff, 0x1f, 0x12,
	0x0d, 0xff, 0x1f, 0x12, 0x0c, 0xff, 0x1f, 0x12, 0x0c, 0xff, 0x20, 0x12, 0x0d, 0xff, 0x20, 0x12, 0x0d,
	0xff, 0x20, 0x12, 0x0d, 0xff, 0x20, 0x12, 0x0d, 0xff, 0x25, 0x16, 0x10, 0xff, 0x20, 0x12, 0x0d, 0xff,
	0x21, 0x13, 0x0d, 0xff, 0x21, 0x12, 0x0d, 0xff, 0x21, 0x13, 0x0d, 0xff, 0x20, 0x12, 0x0c, 0xff, 0x24,
	0x15, 0x10, 0xff, 0x22, 0x13, 0x0d, 0xff, 0x23, 0x13, 0x0d, 0xff, 0x23, 0x13, 0x0d, 0xff, 0x24, 0x14,
	0x0d, 0xff, 0x25, 0x14, 0x0d, 0xff, 0x29, 0x16, 0x0c, 0xff, 0x2f, 0x19, 0x0c, 0xff, 0x38, 0x1c, 0x0e,
	0xff, 0x49, 0x23, 0x0d, 0xff, 0x5c, 0x2c, 0x0f, 0xff, 0x8a, 0x42, 0x0f, 0xff, 0xe8, 0x86, 0x10, 0xff,
	0xff, 0xe3, 0x96, 0xff, 0xfd, 0xa9, 0x10, 0xff, 0xf2, 0x8b, 0x0a, 0xff, 0xf3, 0x8b, 0x0a, 0xff, 0xfd,
	0xae, 0x1a, 0xff, 0xff, 0xea, 0x9f, 0xff, 0xed, 0x9d, 0x0f, 0xff, 0x8a, 0x45, 0x08, 0xff, 0x5b, 0x2d,
	0x10, 0xff, 0x48, 0x23, 0x0d, 0xff, 0x38, 0x1c, 0x0d, 0xff, 0x2d, 0x18, 0x0b, 0xff, 0x29, 0x16, 0x0c,
	0xff, 0x26, 0x15, 0x0d, 0xff, 0x22, 0x13, 0x0d, 0xff, 0x21, 0x13, 0x0d, 0xff, 0x20, 0x12, 0x0d, 0xff,
	0x1f, 0x12, 0x0c, 0xff, 0x1f, 0x12, 0x0c, 0xff, 0x1f, 0x12, 0x0d, 0xff, 0x1f, 0x12, 0x0c, 0xff, 0x1f,
	0x12, 0x0d, 0xff, 0x20, 0x12, 0x0c, 0xff, 0x20, 0x12, 0x0d, 0xff, 0x1f, 0x12, 0x0c, 0xff, 0x1f, 0x12,
	0x0c, 0xff, 0x21, 0x13, 0x0d, 0xff, 0x20, 0x12, 0x0c, 0xff, 0x20, 0x12, 0x0c, 0xff, 0x26, 0x18, 0x12,
	0xff, 0x1f, 0x12, 0x0c, 0xff, 0x21, 0x12, 0x0c, 0xff, 0x2b, 0x14, 0x08, 0xff, 0x35, 0x1c, 0x11, 0xff,
	0x44, 0x27, 0x14, 0xdf, 0x43, 0x25, 0x16, 0xdf, 0x35, 0x1d, 0x12, 0xff, 0x32, 0x17, 0x08, 0xff, 0x20,
	0x12, 0x0d, 0xff, 0x20, 0x11, 0x0c, 0xff, 0x21, 0x12, 0x0c, 0xff, 0x22, 0x13, 0x0d, 0xff, 0x22, 0x13,
	0x0d, 0xff, 0x22, 0x13, 0x0d, 0xff, 0x23, 0x13, 0x0d, 0xff, 0x23, 0x14, 0x0d, 0xff, 0x22, 0x13, 0x0e,
	0xff, 0x22, 0x13, 0x0d, 0xff, 0x23, 0x13, 0x0d, 0xff, 0x23, 0x14, 0x0d, 0xff, 0x23, 0x13, 0x0d, 0xff,
	0x24, 0x14, 0x0e, 0xff, 0x22, 0x13, 0x0d, 0xff, 0x27, 0x17, 0x10, 0xff, 0x24, 0x14, 0x0d, 0xff, 0x25,
	0x14, 0x0d, 0xff, 0x28, 0x16, 0x0c, 0xff, 0x2c, 0x17, 0x0c, 0xff, 0x34, 0x1b, 0x0d, 0xff, 0x3d, 0x1f,
	0x0f, 0xff, 0x51, 0x27, 0x0f, 0xff, 0x71, 0x36, 0x0e, 0xff, 0xb7, 0x5b, 0x0c, 0xff, 0xfc, 0xbd, 0x4d,
	0xff, 0xfe, 0xcc, 0x63, 0xff, 0xdd, 0x76, 0x10, 0xff, 0xaf, 0x56, 0x0d, 0xff, 0xae, 0x55, 0x0e, 0xff,
	0xe0, 0x76, 0x0c, 0xff, 0xff, 0xd8, 0x68, 0xff, 0xfe, 0xda, 0x66, 0xff, 0xc1, 0x6d, 0x0b, 0xff, 0x74,
	0x37, 0x0d, 0xff, 0x55, 0x29, 0x0d, 0xff, 0x3f, 0x1f, 0x0d, 0xff, 0x34, 0x1a, 0x0d, 0xff, 0x2d, 0x17,
	0x0c, 0xff, 0x28, 0x15, 0x0d, 0xff, 0x24, 0x14, 0x0d, 0xff, 0x27, 0x17, 0x10, 0xff, 0x22, 0x13, 0x0d,
	0xff, 0x22, 0x13, 0x0d, 0xff, 0x21, 0x13, 0x0d, 0xff, 0x21, 0x12, 0x0d, 0xff, 0x20, 0x12, 0x0d, 0xff,
	0x20, 0x12, 0x0c, 0xff, 0x23, 0x14, 0x0e, 0xff, 0x22, 0x14, 0x0e, 0xff, 0x20, 0x12, 0x0d, 0xff, 0x21,
	0x13, 0x0d, 0xff, 0x21, 0x13, 0x0e, 0xff, 0x21, 0x13, 0x0e, 0xff, 0x21, 0x13, 0x0d, 0xff, 0x26, 0x17,
	0x10, 0xff, 0x21, 0x13, 0x0d, 0xff, 0x22, 0x13, 0x0d, 0xff, 0x2f, 0x17, 0x08, 0xff, 0x37, 0x1d, 0x11,
	0xff, 0x46, 0x28, 0x15, 0xdf, 0x49, 0x28, 0x18, 0xdf, 0x39, 0x1e, 0x13, 0xff, 0x37, 0x18, 0x09, 0xff,
	0x22, 0x12, 0x0d, 0xff, 0x21, 0x12, 0x0d, 0xff, 0x23, 0x13, 0x0d, 0xff, 0x25, 0x16, 0x0f, 0xff, 0x23,
	0x13, 0x0d, 0xff, 0x24, 0x13, 0x0d, 0xff, 0x24, 0x13, 0x0d, 0xff, 0x23, 0x14, 0x0e, 0xff, 0x23, 0x13,
	0x0d, 0xff, 0x24, 0x13, 0x0e, 0xff, 0x23, 0x13, 0x0e, 0xff, 0x2d, 0x1c, 0x15, 0xff, 0x26, 0x16, 0x10,
	0xff, 0x23, 0x13, 0x0d, 0xff, 0x23, 0x14, 0x0e, 0xff, 0x27, 0x16, 0x0f, 0xff, 0x25, 0x15, 0x0d, 0xff,
	0x27, 0x16, 0x0d, 0xff, 0x2b, 0x18, 0x0d, 0xff, 0x33, 0x1a, 0x0d, 0xff, 0x3c, 0x1e, 0x0e, 0xff, 0x4f,
	0x29, 0x12, 0xff, 0x5e, 0x2e, 0x10, 0xff, 0x8d, 0x44, 0x0d, 0xff, 0xe8, 0x84, 0x0f, 0xff, 0xff, 0xe1,
	0x95, 0xff, 0xf4, 0x96, 0x17, 0xff, 0xb2, 0x57, 0x0f, 0xff, 0x8f, 0x45, 0x0d, 0xff, 0x8f, 0x44, 0x11,
	0xff, 0xb4, 0x57, 0x0f, 0xff, 0xf9, 0xa6, 0x1a, 0xff, 0xff, 0xf3, 0xa0, 0xff, 0xf7, 0xb7, 0x23, 0xff,
	0x9e, 0x4c, 0x09, 0xff, 0x65, 0x30, 0x0f, 0xff, 0x4d, 0x28, 0x11, 0xff, 0x3b, 0x1e, 0x0d, 0xff, 0x33,
	0x1a, 0x0d, 0xff, 0x2a, 0x17, 0x0d, 0xff, 0x26, 0x16, 0x0d, 0xff, 0x24, 0x14, 0x0d, 0xff, 0x23, 0x13,
	0x0d, 0xff, 0x23, 0x13, 0x0d, 0xff, 0x23, 0x13, 0x0d, 0xff, 0x23, 0x13, 0x0d, 0xff, 0x23, 0x13, 0x0d,
	0xff, 0x23, 0x13, 0x0d, 0xff, 0x23, 0x13, 0x0d, 0xff, 0x23, 0x13, 0x0e, 0xff, 0x22, 0x13, 0x0d, 0xff,
	0x23, 0x13, 0x0d, 0xff, 0x23, 0x13, 0x0e, 0xff, 0x22, 0x13, 0x0e, 0xff, 0x22, 0x13, 0x0d, 0xff, 0x22,
	0x14, 0x0d, 0xff, 0x23, 0x13, 0x0d, 0xff, 0x25, 0x13, 0x0d, 0xff, 0x37, 0x1a, 0x08, 0xff, 0x3a, 0x1e,
	0x10, 0xff, 0x48, 0x28, 0x17, 0xdf, 0x4c, 0x29, 0x19, 0xdf, 0x3c, 0x1f, 0x13, 0xff, 0x39, 0x1a, 0x09,
	0xff, 0x23, 0x13, 0x0e, 0xff, 0x23, 0x14, 0x0d, 0xff, 0x23, 0x14, 0x0e, 0xff, 0x22, 0x13, 0x0d, 0xff,
	0x23, 0x13, 0x0d, 0xff, 0x23, 0x14, 0x0e, 0xff, 0x23, 0x13, 0x0e, 0xff, 0x22, 0x13, 0x0d, 0xff, 0x24,
	0x14, 0x0e, 0xff, 0x23, 0x14, 0x0e, 0xff, 0x22, 0x13, 0x0e, 0xff, 0x23, 0x14, 0x0e, 0xff, 0x24, 0x14,
	0x0e, 0xff, 0x23, 0x14, 0x0e, 0xff, 0x24, 0x15, 0x0e, 0xff, 0x26, 0x16, 0x0e, 0xff, 0x29, 0x18, 0x0f,
	0xff, 0x29, 0x17, 0x0d, 0xff, 0x2f, 0x1a, 0x0d, 0xff, 0x37, 0x1d, 0x0d, 0xff, 0x43, 0x21, 0x0f, 0xff,
	0x56, 0x29, 0x10, 0xff, 0x72, 0x38, 0x10, 0xff, 0xb5, 0x5c, 0x0e, 0xff, 0xfd, 0xbc, 0x49, 0xff, 0xfe,
	0xcb, 0x67, 0xff, 0xcf, 0x6c, 0x0f, 0xff, 0x94, 0x47, 0x0d, 0xff, 0x7e, 0x3c, 0x0e, 0xff, 0x7f, 0x3d,
	0x0e, 0xff, 0x96, 0x46, 0x11, 0xff, 0xda, 0x73, 0x10, 0xff, 0xff, 0xe3, 0x78, 0xff, 0xff, 0xea, 0x6e,
	0xff, 0xd1, 0x75, 0x0f, 0xff, 0x84, 0x3f, 0x0d, 0xff, 0x57, 0x2a, 0x0e, 0xff, 0x44, 0x22, 0x0e, 0xff,
	0x37, 0x1c, 0x0d, 0xff, 0x2f, 0x19, 0x0d, 0xff, 0x29, 0x17, 0x0d, 0xff, 0x26, 0x15, 0x0d, 0xff, 0x24,
	0x14, 0x0e, 0xff, 0x24, 0x14, 0x0e, 0xff, 0x24, 0x13, 0x0d, 0xff, 0x24, 0x13, 0x0e, 0xff, 0x24, 0x14,
	0x0e, 0xff, 0x23, 0x13, 0x0d, 0xff, 0x23, 0x13, 0x0d, 0xff, 0x24, 0x14, 0x0d, 0xff, 0x24, 0x13, 0x0d,
	0xff, 0x24, 0x13, 0x0d, 0xff, 0x24, 0x13, 0x0d, 0xff, 0x24, 0x14, 0x0e, 0xff, 0x23, 0x13, 0x0d, 0xff,
	0x22, 0x13, 0x0d, 0xff, 0x24, 0x14, 0x0e, 0xff, 0x25, 0x13, 0x0d, 0xff, 0x3c, 0x1c, 0x0a, 0xff, 0x3c,
	0x1f, 0x11, 0xff, 0x4b, 0x29, 0x16, 0xdf, 0x4f, 0x2c, 0x1a, 0xdf, 0x3d, 0x20, 0x12, 0xff, 0x3d, 0x1d,
	0x0a, 0xff, 0x23, 0x14, 0x0e, 0xff, 0x21, 0x13, 0x0d, 0xff, 0x22, 0x13, 0x0d, 0xff, 0x24, 0x14, 0x0e,
	0xff, 0x23, 0x14, 0x0e, 0xff, 0x23, 0x15, 0x0e, 0xff, 0x28, 0x19, 0x11, 0xff, 0x23, 0x14, 0x0e, 0xff,
	0x28, 0x18, 0x11, 0xff, 0x23, 0x14, 0x0e, 0xff, 0x22, 0x14, 0x0e, 0xff, 0x23, 0x14, 0x0e, 0xff, 0x23,
	0x14, 0x0e, 0xff, 0x23, 0x15, 0x0e, 0xff, 0x26, 0x16, 0x0d, 0xff, 0x28, 0x17, 0x0e, 0xff, 0x2a, 0x18,
	0x0e, 0xff, 0x2d, 0x1a, 0x0d, 0xff, 0x32, 0x1c, 0x0e, 0xff, 0x3d, 0x20, 0x0f, 0xff, 0x4b, 0x25, 0x0f,
	0xff, 0x64, 0x30, 0x10, 0xff, 0x8e, 0x45, 0x0e, 0xff, 0xe3, 0x82, 0x0e, 0xff, 0xfe, 0xe1, 0x93, 0xff,
	0xf4, 0x98, 0x1b, 0xff, 0xa7, 0x51, 0x0e, 0xff, 0x80, 0x3f, 0x11, 0xff, 0x6f, 0x35, 0x0c, 0xff, 0x72,
	0x36, 0x0c, 0xff, 0x7f, 0x3d, 0x12, 0xff, 0xab, 0x53, 0x11, 0xff, 0xfb, 0xbf, 0x2e, 0xff, 0xff, 0xfa,
	0xae, 0xff, 0xf6, 0xb5, 0x21, 0xff, 0xbb, 0x5d, 0x0f, 0xff, 0x6d, 0x33, 0x0d, 0xff, 0x4d, 0x26, 0x0f,
	0xff, 0x3d, 0x1f, 0x0e, 0xff, 0x35, 0x1c, 0x0d, 0xff, 0x2e, 0x1a, 0x0d, 0xff, 0x28, 0x17, 0x0d, 0xff,
	0x24, 0x14, 0x0e, 0xff, 0x24, 0x14, 0x0e, 0xff, 0x24, 0x14, 0x0d, 0xff, 0x24, 0x14, 0x0d, 0xff, 0x22,
	0x14, 0x0e, 0xff, 0x23, 0x14, 0x0e, 0xff, 0x24, 0x14, 0x0e, 0xff, 0x24, 0x14, 0x0d, 0xff, 0x24, 0x14,
	0x0e, 0xff, 0x24, 0x14, 0x0e, 0xff, 0x22, 0x14, 0x0d, 0xff, 0x24, 0x14, 0x0e, 0xff, 0x24, 0x14, 0x0e,
	0xff, 0x23, 0x14, 0x0d, 0xff, 0x24, 0x14, 0x0e, 0xff, 0x25, 0x14, 0x0d, 0xff, 0x3e, 0x1c, 0x09, 0xff,
	0x3f, 0x21, 0x11, 0xff, 0x4d, 0x2a, 0x15, 0xdf, 0x50, 0x2c, 0x1a, 0xdf, 0x40, 0x22, 0x13, 0xff, 0x43,
	0x21, 0x0b, 0xff, 0x24, 0x14, 0x0e, 0xff, 0x21, 0x13, 0x0d, 0xff, 0x22, 0x14, 0x0e, 0xff, 0x23, 0x14,
	0x0e, 0xff, 0x23, 0x15, 0x0e, 0xff, 0x27, 0x18, 0x10, 0xff, 0x2e, 0x1e, 0x16, 0xff, 0x25, 0x16, 0x0e,
	0xff, 0x23, 0x15, 0x0e, 0xff, 0x22, 0x14, 0x0e, 0xff, 0x23, 0x14, 0x0e, 0xff, 0x25, 0x16, 0x0e, 0xff,
	0x26, 0x16, 0x0e, 0xff, 0x27, 0x17, 0x0e, 0xff, 0x28, 0x17, 0x0e, 0xff, 0x2b, 0x19, 0x0e, 0xff, 0x2d,
	0x1a, 0x0e, 0xff, 0x31, 0x1b, 0x0e, 0xff, 0x3d, 0x23, 0x15, 0xff, 0x46, 0x25, 0x10, 0xff, 0x57, 0x2a,
	0x0f, 0xff, 0x72, 0x38, 0x0d, 0xff, 0xb6, 0x5c, 0x0d, 0xff, 0xfb, 0xb7, 0x42, 0xff, 0xfe, 0xcc, 0x6a,
	0xff, 0xce, 0x6b, 0x0e, 0xff, 0x8b, 0x42, 0x11, 0xff, 0x6f, 0x35, 0x0e, 0xff, 0x66, 0x31, 0x0d, 0xff,
	0x68, 0x32, 0x0b, 0xff, 0x73, 0x37, 0x0d, 0xff, 0x90, 0x44, 0x12, 0xff, 0xe5, 0x91, 0x15, 0xff, 0xff,
	0xf6, 0x7c, 0xff, 0xff, 0xed, 0x62, 0xff, 0xeb, 0x98, 0x16, 0xff, 0x81, 0x3d, 0x08, 0xff, 0x58, 0x2c,
	0x0f, 0xff, 0x45, 0x23, 0x0e, 0xff, 0x3b, 0x1f, 0x0f, 0xff, 0x33, 0x1c, 0x0f, 0xff, 0x2e, 0x1a, 0x0f,
	0xff, 0x26, 0x16, 0x0d, 0xff, 0x25, 0x16, 0x0d, 0xff, 0x23, 0x15, 0x0e, 0xff, 0x23, 0x14, 0x0e, 0xff,
	0x23, 0x14, 0x0e, 0xff, 0x23, 0x14, 0x0e, 0xff, 0x27, 0x17, 0x0f, 0xff, 0x2a, 0x19, 0x12, 0xff, 0x23,
	0x14, 0x0d, 0xff, 0x26, 0x16, 0x0f, 0xff, 0x24, 0x15, 0x0e, 0xff, 0x29, 0x19, 0x13, 0xff, 0x23, 0x15,
	0x0e, 0xff, 0x23, 0x14, 0x0e, 0xff, 0x23, 0x14, 0x0e, 0xff, 0x26, 0x14, 0x0d, 0xff, 0x40, 0x1e, 0x09,
	0xff, 0x41, 0x22, 0x11, 0xff, 0x51, 0x2d, 0x17, 0xdf, 0x53, 0x2d, 0x18, 0xdf, 0x44, 0x24, 0x13, 0xff,
	0x47, 0x23, 0x0b, 0xff, 0x26, 0x15, 0x0e, 0xff, 0x23, 0x14, 0x0d, 0xff, 0x24, 0x15, 0x0e, 0xff, 0x22,
	0x14, 0x0e, 0xff, 0x22, 0x14, 0x0e, 0xff, 0x24, 0x15, 0x0e, 0xff, 0x25, 0x15, 0x0d, 0xff, 0x28, 0x19,
	0x11, 0xff, 0x24, 0x15, 0x0e, 0xff, 0x24, 0x15, 0x0e, 0xff, 0x26, 0x16, 0x0e, 0xff, 0x26, 0x17, 0x0f,
	0xff, 0x26, 0x16, 0x0e, 0xff, 0x2b, 0x1a, 0x10, 0xff, 0x2b, 0x19, 0x0f, 0xff, 0x2d, 0x1a, 0x0e, 0xff,
	0x31, 0x1b, 0x0d, 0xff, 0x37, 0x1e, 0x0e, 0xff, 0x3e, 0x21, 0x0f, 0xff, 0x4f, 0x26, 0x0f, 0xff, 0x63,
	0x31, 0x13, 0xff, 0x8d, 0x46, 0x12, 0xff, 0xe2, 0x7f, 0x0e, 0xff, 0xff, 0xe0, 0x96, 0xff, 0xf3, 0x97,
	0x19, 0xff, 0xa4, 0x4f, 0x0d, 0xff, 0x7a, 0x3a, 0x12, 0xff, 0x6c, 0x33, 0x0c, 0xff, 0x66, 0x31, 0x0e,
	0xff, 0x66, 0x31, 0x0d, 0xff, 0x6f, 0x34, 0x0b, 0xff, 0x80, 0x3d, 0x12, 0xff, 0xb1, 0x5b, 0x19, 0xff,
	0xfb, 0xdf, 0x36, 0xff, 0xff, 0xfa, 0xae, 0xff, 0xfc, 0xd5, 0x33, 0xff, 0xa1, 0x4f, 0x0c, 0xff, 0x66,
	0x31, 0x10, 0xff, 0x62, 0x39, 0x1f, 0xff, 0x41, 0x22, 0x0e, 0xff, 0x37, 0x1d, 0x0f, 0xff, 0x30, 0x1a,
	0x0e, 0xff, 0x2b, 0x18, 0x0e, 0xff, 0x2a, 0x19, 0x10, 0xff, 0x24, 0x15, 0x0e, 0xff, 0x23, 0x14, 0x0e,
	0xff, 0x23, 0x15, 0x0e, 0xff, 0x23, 0x14, 0x0e, 0xff, 0x23, 0x14, 0x0e, 0xff, 0x23, 0x14, 0x0e, 0xff,
	0x23, 0x15, 0x0d, 0xff, 0x24, 0x15, 0x0e, 0xff, 0x23, 0x14, 0x0e, 0xff, 0x22, 0x14, 0x0e, 0xff, 0x23,
	0x14, 0x0e, 0xff, 0x23, 0x15, 0x0e, 0xff, 0x26, 0x16, 0x0f, 0xff, 0x27, 0x15, 0x0d, 0xff, 0x44, 0x21,
	0x0a, 0xff, 0x43, 0x22, 0x11, 0xff, 0x52, 0x2d, 0x16, 0xdf, 0x55, 0x2e, 0x18, 0xdf, 0x46, 0x26, 0x13,
	0xff, 0x49, 0x24, 0x0d, 0xff, 0x27, 0x16, 0x0e, 0xff, 0x25, 0x15, 0x0d, 0xff, 0x24, 0x15, 0x0e, 0xff,
	0x2c, 0x1c, 0x16, 0xff, 0x23, 0x15, 0x0e, 0xff, 0x24, 0x15, 0x0e, 0xff, 0x25, 0x15, 0x0e, 0xff, 0x26,
	0x16, 0x0e, 0xff, 0x26, 0x16, 0x0f, 0xff, 0x26, 0x16, 0x0f, 0xff, 0x28, 0x17, 0x0f, 0xff, 0x27, 0x17,
	0x0f, 0xff, 0x27, 0x17, 0x0f, 0xff, 0x2b, 0x1a, 0x11, 0xff, 0x2c, 0x1a, 0x0f, 0xff, 0x30, 0x1b, 0x0e,
	0xff, 0x36, 0x1d, 0x0e, 0xff, 0x3f, 0x21, 0x11, 0xff, 0x46, 0x23, 0x0f, 0xff, 0x58, 0x2a, 0x11, 0xff,
	0x77, 0x38, 0x0a, 0xff, 0xb2, 0x5a, 0x0e, 0xff, 0xfa, 0xb0, 0x3f, 0xff, 0xfe, 0xcc, 0x68, 0xff, 0xd2,
	0x6c, 0x10, 0xff, 0x8e, 0x43, 0x10, 0xff, 0x78, 0x38, 0x0d, 0xff, 0x72, 0x35, 0x0c, 0xff, 0x71, 0x35,
	0x10, 0xff, 0x6f, 0x35, 0x0e, 0xff, 0x73, 0x35, 0x0c, 0xff, 0x7a, 0x39, 0x0f, 0xff, 0x91, 0x45, 0x15,
	0xff, 0xe0, 0x93, 0x1e, 0xff, 0xff, 0xf4, 0x87, 0xff, 0xff, 0xef, 0x5c, 0xff, 0xd1, 0x71, 0x13, 0xff,
	0x7f, 0x3a, 0x0c, 0xff, 0x5d, 0x2d, 0x10, 0xff, 0x47, 0x23, 0x10, 0xff, 0x3b, 0x1e, 0x10, 0xff, 0x34,
	0x1b, 0x0f, 0xff, 0x2e, 0x19, 0x0e, 0xff, 0x2a, 0x17, 0x0e, 0xff, 0x28, 0x17, 0x0e, 0xff, 0x25, 0x15,
	0x0e, 0xff, 0x24, 0x15, 0x0e, 0xff, 0x24, 0x15, 0x0e, 0xff, 0x24, 0x15, 0x0e, 0xff, 0x26, 0x16, 0x0f,
	0xff, 0x2c, 0x1d, 0x15, 0xff, 0x25, 0x16, 0x0f, 0xff, 0x23, 0x15, 0x0e, 0xff, 0x22, 0x14, 0x0e, 0xff,
	0x22, 0x14, 0x0e, 0xff, 0x24, 0x16, 0x0f, 0xff, 0x24, 0x15, 0x0e, 0xff, 0x28, 0x16, 0x0e, 0xff, 0x4a,
	0x24, 0x0a, 0xff, 0x45, 0x23, 0x11, 0xff, 0x53, 0x2e, 0x16, 0xdf, 0x56, 0x2f, 0x19, 0xdf, 0x47, 0x26,
	0x13, 0xff, 0x4a, 0x25, 0x0e, 0xff, 0x28, 0x17, 0x0e, 0xff, 0x29, 0x17, 0x0f, 0xff, 0x27, 0x16, 0x0f,
	0xff, 0x26, 0x16, 0x0e, 0xff, 0x26, 0x16, 0x0e, 0xff, 0x26, 0x16, 0x0f, 0xff, 0x26, 0x17, 0x0f, 0xff,
	0x27, 0x17, 0x0f, 0xff, 0x27, 0x17, 0x0f, 0xff, 0x27, 0x17, 0x0f, 0xff, 0x2b, 0x1a, 0x11, 0xff, 0x29,
	0x18, 0x0f, 0xff, 0x2a, 0x19, 0x10, 0xff, 0x2b, 0x1a, 0x0f, 0xff, 0x2d, 0x1a, 0x0e, 0xff, 0x33, 0x1c,
	0x0f, 0xff, 0x3b, 0x1f, 0x10, 0xff, 0x41, 0x22, 0x0f, 0xff, 0x51, 0x27, 0x0d, 0xff, 0x63, 0x30, 0x11,
	0xff, 0x89, 0x42, 0x0c, 0xff, 0xe0, 0x7d, 0x0e, 0xff, 0xff, 0xdf, 0x96, 0xff, 0xf2, 0x95, 0x19, 0xff,
	0xa8, 0x51, 0x12, 0xff, 0x86, 0x40, 0x0e, 0xff, 0x81, 0x3d, 0x09, 0xff, 0x83, 0x3f, 0x0f, 0xff, 0x8e,
	0x45, 0x10, 0xff, 0x8d, 0x45, 0x12, 0xff, 0x80, 0x3d, 0x0f, 0xff, 0x7e, 0x3b, 0x0d, 0xff, 0x87, 0x40,
	0x0f, 0xff, 0xba, 0x5f, 0x13, 0xff, 0xfe, 0xca, 0x2c, 0xff, 0xff, 0xf8, 0xa3, 0xff, 0xf4, 0xa8, 0x22,
	0xff, 0x96, 0x48, 0x08, 0xff, 0x64, 0x31, 0x10, 0xff, 0x50, 0x27, 0x0f, 0xff, 0x41, 0x21, 0x0f, 0xff,
	0x3a, 0x1e, 0x0f, 0xff, 0x32, 0x1b, 0x0e, 0xff, 0x33, 0x1f, 0x14, 0xff, 0x29, 0x17, 0x0e, 0xff, 0x28,
	0x17, 0x0e, 0xff, 0x27, 0x17, 0x0f, 0xff, 0x26, 0x16, 0x0f, 0xff, 0x26, 0x16, 0x0e, 0xff, 0x26, 0x17,
	0x0e, 0xff, 0x27, 0x17, 0x0f, 0xff, 0x26, 0x16, 0x0f, 0xff, 0x25, 0x15, 0x0e, 0xff, 0x24, 0x15, 0x0e,
	0xff, 0x24, 0x16, 0x0f, 0xff, 0x23, 0x15, 0x0e, 0xff, 0x25, 0x15, 0x0e, 0xff, 0x29, 0x16, 0x0e, 0xff,
	0x4e, 0x27, 0x0b, 0xff, 0x48, 0x25, 0x11, 0xff, 0x54, 0x2e, 0x16, 0xdf, 0x59, 0x30, 0x19, 0xdf, 0x4a,
	0x27, 0x14, 0xff, 0x4b, 0x26, 0x0e, 0xff, 0x29, 0x18, 0x0f, 0xff, 0x28, 0x17, 0x0e, 0xff, 0x29, 0x17,
	0x0f, 0xff, 0x28, 0x17, 0x10, 0xff, 0x27, 0x17, 0x10, 0xff, 0x27, 0x17, 0x0f, 0xff, 0x27, 0x17, 0x0f,
	0xff, 0x27, 0x17, 0x0f, 0xff, 0x28, 0x17, 0x0f, 0xff, 0x29, 0x18, 0x0f, 0xff, 0x2a, 0x19, 0x10, 0xff,
	0x2b, 0x1a, 0x10, 0xff, 0x2b, 0x1a, 0x0f, 0xff, 0x2f, 0x1d, 0x12, 0xff, 0x30, 0x1b, 0x0f, 0xff, 0x38,
	0x1e, 0x10, 0xff, 0x40, 0x23, 0x12, 0xff, 0x48, 0x24, 0x0d, 0xff, 0x59, 0x2c, 0x0f, 0xff, 0x72, 0x38,
	0x14, 0xff, 0xae, 0x58, 0x0c, 0xff, 0xfa, 0xae, 0x37, 0xff, 0xfe, 0xd0, 0x71, 0xff, 0xd2, 0x6f, 0x10,
	0xff, 0x93, 0x47, 0x10, 0xff, 0x89, 0x41, 0x08, 0xff, 0x8f, 0x46, 0x11, 0xff, 0xad, 0x59, 0x14, 0xff,
	0xe4, 0x8d, 0x16, 0xff, 0xe6, 0x96, 0x1d, 0xff, 0xb3, 0x5c, 0x11, 0xff, 0x8c, 0x44, 0x10, 0xff, 0x89,
	0x41, 0x09, 0xff, 0x98, 0x4a, 0x13, 0xff, 0xe7, 0x85, 0x19, 0xff, 0xff, 0xee, 0x84, 0xff, 0xfe, 0xd6,
	0x5c, 0xff, 0xbd, 0x62, 0x07, 0xff, 0x75, 0x39, 0x0f, 0xff, 0x58, 0x2c, 0x11, 0xff, 0x47, 0x24, 0x0e,
	0xff, 0x3e, 0x21, 0x10, 0xff, 0x36, 0x1d, 0x0f, 0xff, 0x2f, 0x1a, 0x0e, 0xff, 0x2c, 0x1a, 0x0f, 0xff,
	0x2a, 0x19, 0x10, 0xff, 0x28, 0x18, 0x0f, 0xff, 0x27, 0x17, 0x0f, 0xff, 0x26, 0x16, 0x0e, 0xff, 0x2a,
	0x1a, 0x12, 0xff, 0x27, 0x18, 0x0f, 0xff, 0x27, 0x17, 0x0f, 0xff, 0x26, 0x17, 0x0f, 0xff, 0x2a, 0x1a,
	0x13, 0xff, 0x26, 0x17, 0x0f, 0xff, 0x25, 0x16, 0x0f, 0xff, 0x25, 0x16, 0x0d, 0xff, 0x29, 0x17, 0x0e,
	0xff, 0x51, 0x29, 0x0c, 0xff, 0x4a, 0x26, 0x11, 0xff, 0x56, 0x2e, 0x15, 0xdf, 0x5c, 0x32, 0x1b, 0xdf,
	0x4c, 0x29, 0x14, 0xff, 0x4c, 0x27, 0x0e, 0xff, 0x2a, 0x18, 0x0e, 0xff, 0x28, 0x18, 0x0f, 0xff, 0x29,
	0x18, 0x10, 0xff, 0x28, 0x17, 0x10, 0xff, 0x28, 0x17, 0x10, 0xff, 0x28, 0x17, 0x0f, 0xff, 0x2a, 0x19,
	0x10, 0xff, 0x2a, 0x19, 0x10, 0xff, 0x2a, 0x1a, 0x10, 0xff, 0x32, 0x20, 0x16, 0xff, 0x2c, 0x1b, 0x10,
	0xff, 0x30, 0x1e, 0x13, 0xff, 0x2c, 0x1a, 0x0f, 0xff, 0x33, 0x1e, 0x13, 0xff, 0x36, 0x1e, 0x11, 0xff,
	0x3c, 0x20, 0x11, 0xff, 0x43, 0x23, 0x0f, 0xff, 0x51, 0x28, 0x0d, 0xff, 0x62, 0x31, 0x12, 0xff, 0x88,
	0x43, 0x11, 0xff, 0xe1, 0x7e, 0x0a, 0xff, 0xff, 0xdd, 0x8e, 0xff, 0xf4, 0x97, 0x1c, 0xff, 0xae, 0x55,
	0x10, 0xff, 0x90, 0x45, 0x10, 0xff, 0x91, 0x45, 0x0e, 0xff, 0xab, 0x56, 0x15, 0xff, 0xf1, 0x9e, 0x1d,
	0xff, 0xff, 0xf2, 0x90, 0xff, 0xff, 0xf3, 0x8f, 0xff, 0xf3, 0xa8, 0x1d, 0xff, 0xae, 0x5a, 0x10, 0xff,
	0x8d, 0x44, 0x0e, 0xff, 0x90, 0x45, 0x10, 0xff, 0xbb, 0x5d, 0x15, 0xff, 0xfc, 0xba, 0x28, 0xff, 0xff,
	0xf2, 0x9f, 0xff, 0xed, 0x91, 0x1b, 0xff, 0x92, 0x46, 0x0c, 0xff, 0x64, 0x31, 0x13, 0xff, 0x50, 0x29,
	0x10, 0xff, 0x44, 0x23, 0x0e, 0xff, 0x39, 0x1f, 0x0f, 0xff, 0x31, 0x1b, 0x0e, 0xff, 0x2e, 0x1b, 0x0f,
	0xff, 0x2d, 0x1a, 0x10, 0xff, 0x2a, 0x19, 0x0f, 0xff, 0x2a, 0x19, 0x0f, 0xff, 0x28, 0x18, 0x0f, 0xff,
	0x27, 0x18, 0x0f, 0xff, 0x27, 0x17, 0x0e, 0xff, 0x26, 0x17, 0x0f, 0xff, 0x27, 0x17, 0x10, 0xff, 0x26,
	0x17, 0x10, 0xff, 0x27, 0x17, 0x0f, 0xff, 0x26, 0x17, 0x0f, 0xff, 0x27, 0x17, 0x0e, 0xff, 0x2b, 0x18,
	0x0f, 0xff, 0x52, 0x2b, 0x0e, 0xff, 0x4e, 0x28, 0x12, 0xff, 0x5a, 0x30, 0x16, 0xdf, 0x5f, 0x33, 0x1c,
	0xdf, 0x4f, 0x2b, 0x16, 0xff, 0x4d, 0x28, 0x0f, 0xff, 0x2a, 0x18, 0x0e, 0xff, 0x29, 0x18, 0x0f, 0xff,
	0x29, 0x17, 0x0f, 0xff, 0x29, 0x18, 0x0f, 0xff, 0x29, 0x18, 0x0f, 0xff, 0x2a, 0x18, 0x0f, 0xff, 0x2b,
	0x19, 0x10, 0xff, 0x2b, 0x19, 0x10, 0xff, 0x2b, 0x19, 0x0f, 0xff, 0x37, 0x23, 0x1a, 0xff, 0x2c, 0x1b,
	0x10, 0xff, 0x2c, 0x1b, 0x0f, 0xff, 0x2e, 0x1b, 0x0f, 0xff, 0x32, 0x1c, 0x10, 0xff, 0x37, 0x1e, 0x0f,
	0xff, 0x3f, 0x21, 0x10, 0xff, 0x4b, 0x26, 0x0f, 0xff, 0x5a, 0x2d, 0x10, 0xff, 0x70, 0x38, 0x13, 0xff,
	0xac, 0x56, 0x0a, 0xff, 0xfa, 0xae, 0x36, 0xff, 0xfe, 0xd1, 0x77, 0xff, 0xd6, 0x70, 0x11, 0xff, 0x99,
	0x4a, 0x10, 0xff, 0x92, 0x45, 0x0d, 0xff, 0x9a, 0x4c, 0x16, 0xff, 0xdb, 0x77, 0x13, 0xff, 0xff, 0xd4,
	0x41, 0xff, 0xff, 0xfc, 0xde, 0xff, 0xff, 0xfc, 0xe0, 0xff, 0xff, 0xe4, 0x43, 0xff, 0xd2, 0x71, 0x10,
	0xff, 0x96, 0x4a, 0x11, 0xff, 0x8f, 0x45, 0x0f, 0xff, 0x9d, 0x4d, 0x12, 0xff, 0xde, 0x7d, 0x15, 0xff,
	0xff, 0xe4, 0x7c, 0xff, 0xfe, 0xd0, 0x54, 0xff, 0xb9, 0x5e, 0x08, 0xff, 0x79, 0x3b, 0x15, 0xff, 0x59,
	0x2d, 0x10, 0xff, 0x4a, 0x26, 0x0e, 0xff, 0x3e, 0x21, 0x0f, 0xff, 0x36, 0x1d, 0x0f, 0xff, 0x30, 0x1b,
	0x0e, 0xff, 0x2e, 0x1b, 0x0f, 0xff, 0x2c, 0x1b, 0x10, 0xff, 0x2b, 0x1a, 0x10, 0xff, 0x2a, 0x19, 0x0f,
	0xff, 0x2a, 0x19, 0x10, 0xff, 0x29, 0x18, 0x0f, 0xff, 0x29, 0x18, 0x0f, 0xff, 0x28, 0x18, 0x0f, 0xff,
	0x28, 0x17, 0x0f, 0xff, 0x28, 0x18, 0x0f, 0xff, 0x2a, 0x19, 0x11, 0xff, 0x28, 0x18, 0x0e, 0xff, 0x2b,
	0x18, 0x0f, 0xff, 0x52, 0x2a, 0x0c, 0xff, 0x51, 0x29, 0x13, 0xff, 0x5d, 0x33, 0x18, 0xdf, 0x60, 0x34,
	0x1c, 0xdf, 0x52, 0x2b, 0x17, 0xff, 0x50, 0x28, 0x0d, 0xff, 0x2b, 0x19, 0x10, 0xff, 0x2a, 0x18, 0x0f,
	0xff, 0x2c, 0x1a, 0x11, 0xff, 0x2c, 0x1a, 0x11, 0xff, 0x2b, 0x1a, 0x11, 0xff, 0x2b, 0x19, 0x10, 0xff,
	0x2c, 0x1a, 0x10, 0xff, 0x33, 0x20, 0x16, 0xff, 0x2b, 0x1a, 0x10, 0xff, 0x2c, 0x1b, 0x10, 0xff, 0x34,
	0x22, 0x17, 0xff, 0x2d, 0x1b, 0x0f, 0xff, 0x31, 0x1b, 0x10, 0xff, 0x36, 0x1d, 0x10, 0xff, 0x3c, 0x20,
	0x10, 0xff, 0x43, 0x22, 0x0f, 0xff, 0x52, 0x28, 0x0f, 0xff, 0x63, 0x32, 0x14, 0xff, 0x8a, 0x43, 0x10,
	0xff, 0xdd, 0x7b, 0x0b, 0xff, 0xff, 0xdb, 0x8a, 0xff, 0xf5, 0x99, 0x1e, 0xff, 0xb1, 0x57, 0x0f, 0xff,
	0x90, 0x46, 0x0f, 0xff, 0x93, 0x47, 0x0f, 0xff, 0xb5, 0x5f, 0x16, 0xff, 0xfb, 0xb5, 0x17, 0xff, 0xff,
	0xf5, 0x8d, 0xff, 0xff, 0xfa, 0xaa, 0xff, 0xff, 0xfb, 0xb7, 0xff, 0xff, 0xf3, 0x87, 0xff, 0xed, 0x9b,
	0x16, 0xff, 0xaa, 0x53, 0x11, 0xff, 0x8f, 0x46, 0x0f, 0xff, 0x92, 0x46, 0x0e, 0xff, 0xb5, 0x5a, 0x12,
	0xff, 0xfe, 0xb3, 0x26, 0xff, 0xff, 0xf2, 0x9d, 0xff, 0xe5, 0x8a, 0x06, 0xff, 0x90, 0x44, 0x08, 0xff,
	0x64, 0x31, 0x11, 0xff, 0x52, 0x28, 0x0f, 0xff, 0x42, 0x22, 0x0f, 0xff, 0x3a, 0x1f, 0x0f, 0xff, 0x33,
	0x1c, 0x0e, 0xff, 0x2f, 0x1b, 0x0e, 0xff, 0x2d, 0x1b, 0x0f, 0xff, 0x32, 0x1f, 0x14, 0xff, 0x2b, 0x19,
	0x0f, 0xff, 0x2a, 0x19, 0x10, 0xff, 0x2a, 0x19, 0x10, 0xff, 0x2a, 0x19, 0x10, 0xff, 0x2a, 0x19, 0x10,
	0xff, 0x29, 0x18, 0x0f, 0xff, 0x29, 0x18, 0x0f, 0xff, 0x2a, 0x19, 0x0f, 0xff, 0x2a, 0x19, 0x0e, 0xff,
	0x2c, 0x19, 0x0e, 0xff, 0x52, 0x2a, 0x0c, 0xff, 0x53, 0x2b, 0x14, 0xff, 0x5e, 0x33, 0x18, 0xdf, 0x63,
	0x36, 0x1d, 0xdf, 0x55, 0x2e, 0x18, 0xff, 0x4e, 0x28, 0x0c, 0xff, 0x2c, 0x19, 0x10, 0xff, 0x2c, 0x1a,
	0x10, 0xff, 0x2b, 0x1a, 0x0f, 0xff, 0x2c, 0x1b, 0x10, 0xff, 0x2c, 0x1b, 0x11, 0xff, 0x2c, 0x1a, 0x10,
	0xff, 0x2d, 0x1b, 0x10, 0xff, 0x2c, 0x1b, 0x10, 0xff, 0x2c, 0x1b, 0x10, 0xff, 0x2c, 0x1b, 0x10, 0xff,
	0x33, 0x20, 0x15, 0xff, 0x30, 0x1b, 0x10, 0xff, 0x33, 0x1d, 0x10, 0xff, 0x3a, 0x1f, 0x11, 0xff, 0x40,
	0x22, 0x10, 0xff, 0x49, 0x25, 0x0f, 0xff, 0x5b, 0x2d, 0x10, 0xff, 0x74, 0x39, 0x13, 0xff, 0xad, 0x57,
	0x0c, 0xff, 0xf9, 0xab, 0x33, 0xff, 0xfe, 0xd2, 0x79, 0xff, 0xd4, 0x6e, 0x10, 0xff, 0x98, 0x4a, 0x12,
	0xff, 0x8c, 0x44, 0x0c, 0xff, 0x98, 0x4b, 0x15, 0xff, 0xe5, 0x89, 0x15, 0xff, 0xff, 0xdb, 0x2e, 0xff,
	0xff, 0xf9, 0xb2, 0xff, 0xff, 0xed, 0x44, 0xff, 0xff, 0xe9, 0x4a, 0xff, 0xff, 0xfa, 0xb8, 0xff, 0xfe,
	0xcf, 0x29, 0xff, 0xca, 0x69, 0x11, 0xff, 0x95, 0x4a, 0x12, 0xff, 0x8f, 0x46, 0x10, 0xff, 0x9b, 0x4c,
	0x11, 0xff, 0xe1, 0x77, 0x15, 0xff, 0xff, 0xde, 0x79, 0xff, 0xfc, 0xc5, 0x43, 0xff, 0xb5, 0x5c, 0x07,
	0xff, 0x73, 0x39, 0x10, 0xff, 0x5a, 0x2d, 0x10, 0xff, 0x49, 0x25, 0x0e, 0xff, 0x3e, 0x20, 0x10, 0xff,
	0x38, 0x1e, 0x10, 0xff, 0x31, 0x1b, 0x0f, 0xff, 0x2e, 0x1b, 0x0f, 0xff, 0x2d, 0x1a, 0x0f, 0xff, 0x2c,
	0x1b, 0x10, 0xff, 0x2c, 0x1b, 0x10, 0xff, 0x2c, 0x1a, 0x10, 0xff, 0x36, 0x22, 0x18, 0xff, 0x2b, 0x1a,
	0x10, 0xff, 0x2a, 0x19, 0x0f, 0xff, 0x2b, 0x1a, 0x10, 0xff, 0x2d, 0x1b, 0x11, 0xff, 0x2e, 0x1c, 0x11,
	0xff, 0x2d, 0x1a, 0x10, 0xff, 0x51, 0x2a, 0x0b, 0xff, 0x57, 0x2d, 0x14, 0xff, 0x5e, 0x33, 0x18, 0xdf,
	0x65, 0x37, 0x1d, 0xdf, 0x57, 0x2f, 0x18, 0xff, 0x50, 0x29, 0x0e, 0xff, 0x2d, 0x1a, 0x12, 0xff, 0x2c,
	0x1b, 0x10, 0xff, 0x2c, 0x1b, 0x11, 0xff, 0x2d, 0x1c, 0x10, 0xff, 0x2c, 0x1b, 0x10, 0xff, 0x2d, 0x1b,
	0x10, 0xff, 0x2d, 0x1b, 0x10, 0xff, 0x2c, 0x1b, 0x11, 0xff, 0x2c, 0x1b, 0x10, 0xff, 0x2c, 0x1b, 0x10,
	0xff, 0x31, 0x1d, 0x13, 0xff, 0x33, 0x1d, 0x12, 0xff, 0x38, 0x1f, 0x12, 0xff, 0x3e, 0x21, 0x11, 0xff,
	0x44, 0x23, 0x0f, 0xff, 0x50, 0x28, 0x10, 0xff, 0x67, 0x33, 0x14, 0xff, 0x8c, 0x45, 0x0d, 0xff, 0xda,
	0x79, 0x0a, 0xff, 0xfe, 0xda, 0x88, 0xff, 0xf6, 0x9d, 0x20, 0xff, 0xae, 0x56, 0x11, 0xff, 0x8a, 0x42,
	0x0c, 0xff, 0x8b, 0x43, 0x0d, 0xff, 0xa2, 0x50, 0x17, 0xff, 0xeb, 0x89, 0x10, 0xff, 0xff, 0xe9, 0x65,
	0xff, 0xff, 0xf4, 0x7a, 0xff, 0xfe, 0xb8, 0x1c, 0xff, 0xfe, 0xad, 0x19, 0xff, 0xff, 0xf1, 0x80, 0xff,
	0xff, 0xe7, 0x66, 0xff, 0xe7, 0x84, 0x13, 0xff, 0xa1, 0x51, 0x12, 0xff, 0x8d, 0x45, 0x0f, 0xff, 0x8d,
	0x44, 0x0f, 0xff, 0xb2, 0x56, 0x10, 0xff, 0xf8, 0xa8, 0x20, 0xff, 0xff, 0xe8, 0xa1, 0xff, 0xe1, 0x83,
	0x0a, 0xff, 0x8a, 0x44, 0x0c, 0xff, 0x68, 0x34, 0x11, 0xff, 0x50, 0x28, 0x0f, 0xff, 0x48, 0x27, 0x14,
	0xff, 0x3a, 0x1f, 0x10, 0xff, 0x33, 0x1d, 0x0f, 0xff, 0x2f, 0x1b, 0x10, 0xff, 0x2e, 0x1b, 0x10, 0xff,
	0x30, 0x1e, 0x13, 0xff, 0x2c, 0x1b, 0x10, 0xff, 0x2c, 0x1b, 0x10, 0xff, 0x2d, 0x1a, 0x10, 0xff, 0x2d,
	0x1a, 0x10, 0xff, 0x2c, 0x1a, 0x10, 0xff, 0x2c, 0x1b, 0x10, 0xff, 0x2c, 0x1b, 0x10, 0xff, 0x2b, 0x1a,
	0x0f, 0xff, 0x2d, 0x1a, 0x0f, 0xff, 0x53, 0x2c, 0x0c, 0xff, 0x5a, 0x2f, 0x14, 0xff, 0x64, 0x37, 0x1a,
	0xdf, 0x68, 0x39, 0x1c, 0xdf, 0x5a, 0x31, 0x19, 0xff, 0x50, 0x28, 0x0d, 0xff, 0x2d, 0x1a, 0x11, 0xff,
	0x2c, 0x1b, 0x10, 0xff, 0x2c, 0x1b, 0x10, 0xff, 0x34, 0x21, 0x15, 0xff, 0x2e, 0x1c, 0x12, 0xff, 0x2c,
	0x1b, 0x10, 0xff, 0x2c, 0x1b, 0x10, 0xff, 0x2d, 0x1b, 0x11, 0xff, 0x2c, 0x1b, 0x10, 0xff, 0x2e, 0x1b,
	0x11, 0xff, 0x31, 0x1c, 0x12, 0xff, 0x35, 0x1d, 0x12, 0xff, 0x3b, 0x20, 0x12, 0xff, 0x40, 0x23, 0x10,
	0xff, 0x4a, 0x26, 0x0f, 0xff, 0x5b, 0x2c, 0x12, 0xff, 0x76, 0x3a, 0x12, 0xff, 0xaf, 0x58, 0x0d, 0xff,
	0xfa, 0xab, 0x30, 0xff, 0xfe, 0xd2, 0x78, 0xff, 0xd0, 0x70, 0x14, 0xff, 0x92, 0x48, 0x13, 0xff, 0x87,
	0x40, 0x09, 0xff, 0x8c, 0x43, 0x0f, 0xff, 0xb0, 0x57, 0x18, 0xff, 0xf7, 0xae, 0x1a, 0xff, 0xff, 0xf7,
	0xa4, 0xff, 0xff, 0xd7, 0x2e, 0xff, 0xf1, 0x83, 0x16, 0xff, 0xeb, 0x7d, 0x13, 0xff, 0xfe, 0xc9, 0x28,
	0xff, 0xff, 0xf7, 0xa3, 0xff, 0xf4, 0xa3, 0x1b, 0xff, 0xae, 0x57, 0x13, 0xff, 0x8e, 0x45, 0x0f, 0xff,
	0x87, 0x41, 0x0a, 0xff, 0x96, 0x49, 0x14, 0xff, 0xd9, 0x75, 0x10, 0xff, 0xfe, 0xd6, 0x77, 0xff, 0xfa,
	0xb6, 0x3c, 0xff, 0xb1, 0x5b, 0x07, 0xff, 0x76, 0x39, 0x0e, 0xff, 0x58, 0x2c, 0x11, 0xff, 0x46, 0x24,
	0x10, 0xff, 0x3e, 0x21, 0x10, 0xff, 0x38, 0x1f, 0x11, 0xff, 0x32, 0x1d, 0x11, 0xff, 0x32, 0x1e, 0x13,
	0xff, 0x2f, 0x1c, 0x11, 0xff, 0x2d, 0x1b, 0x10, 0xff, 0x2d, 0x1b, 0x10, 0xff, 0x2d, 0x1b, 0x10, 0xff,
	0x2d, 0x1b, 0x10, 0xff, 0x2c, 0x1b, 0x10, 0xff, 0x2c, 0x1b, 0x10, 0xff, 0x2c, 0x1b, 0x10, 0xff, 0x2d,
	0x1b, 0x0f, 0xff, 0x2e, 0x1b, 0x10, 0xff, 0x53, 0x2a, 0x0a, 0xff, 0x5c, 0x30, 0x14, 0xff, 0x66, 0x38,
	0x1b, 0xdf, 0x6a, 0x3a, 0x1d, 0xdf, 0x5c, 0x32, 0x1a, 0xff, 0x4e, 0x26, 0x0b, 0xff, 0x2d, 0x1a, 0x11,
	0xff, 0x2d, 0x1b, 0x10, 0xff, 0x31, 0x1e, 0x13, 0xff, 0x2f, 0x1c, 0x11, 0xff, 0x2e, 0x1c, 0x11, 0xff,
	0x2d, 0x1b, 0x10, 0xff, 0x2e, 0x1c, 0x11, 0xff, 0x2f, 0x1d, 0x12, 0xff, 0x30, 0x1c, 0x12, 0xff, 0x31,
	0x1d, 0x12, 0xff, 0x34, 0x1e, 0x12, 0xff, 0x39, 0x1f, 0x12, 0xff, 0x3e, 0x21, 0x11, 0xff, 0x45, 0x25,
	0x10, 0xff, 0x54, 0x2b, 0x14, 0xff, 0x66, 0x32, 0x12, 0xff, 0x8a, 0x43, 0x0f, 0xff, 0xda, 0x78, 0x0e,
	0xff, 0xff, 0xdc, 0x89, 0xff, 0xf5, 0xa0, 0x22, 0xff, 0xa9, 0x55, 0x16, 0xff, 0x85, 0x41, 0x0c, 0xff,
	0x85, 0x40, 0x09, 0xff, 0x91, 0x46, 0x15, 0xff, 0xcc, 0x70, 0x11, 0xff, 0xfe, 0xdb, 0x42, 0xff, 0xff,
	0xed, 0x75, 0xff, 0xf4, 0x9e, 0x1b, 0xff, 0xc3, 0x61, 0x11, 0xff, 0xbe, 0x5d, 0x15, 0xff, 0xf1, 0x8c,
	0x17, 0xff, 0xff, 0xeb, 0x74, 0xff, 0xfd, 0xdf, 0x4d, 0xff, 0xc4, 0x68, 0x17, 0xff, 0x93, 0x47, 0x0f,
	0xff, 0x85, 0x40, 0x0b, 0xff, 0x89, 0x42, 0x0d, 0xff, 0xab, 0x54, 0x12, 0xff, 0xf7, 0xa0, 0x1e, 0xff,
	0xff, 0xe1, 0x98, 0xff, 0xe2, 0x80, 0x0b, 0xff, 0x8b, 0x44, 0x0d, 0xff, 0x65, 0x32, 0x11, 0xff, 0x4d,
	0x27, 0x0f, 0xff, 0x42, 0x22, 0x10, 0xff, 0x3b, 0x20, 0x11, 0xff, 0x36, 0x1f, 0x13, 0xff, 0x34, 0x1e,
	0x13, 0xff, 0x31, 0x1c, 0x12, 0xff, 0x30, 0x1c, 0x12, 0xff, 0x2f, 0x1b, 0x10, 0xff, 0x38, 0x24, 0x19,
	0xff, 0x2e, 0x1b, 0x10, 0xff, 0x2e, 0x1c, 0x11, 0xff, 0x2d, 0x1b, 0x11, 0xff, 0x2d, 0x1b, 0x10, 0xff,
	0x2d, 0x1b, 0x10, 0xff, 0x2f, 0x1a, 0x10, 0xff, 0x51, 0x27, 0x08, 0xff, 0x5f, 0x32, 0x16, 0xff, 0x69,
	0x3b, 0x1e, 0xdf, 0x6d, 0x3c, 0x1e, 0xdf, 0x5e, 0x33, 0x1b, 0xff, 0x4a, 0x23, 0x0b, 0xff, 0x2e, 0x1a,
	0x11, 0xff, 0x2f, 0x1b, 0x11, 0xff, 0x32, 0x1e, 0x13, 0xff, 0x31, 0x1c, 0x12, 0xff, 0x31, 0x1c, 0x12,
	0xff, 0x30, 0x1c, 0x12, 0xff, 0x2f, 0x1c, 0x12, 0xff, 0x31, 0x1c, 0x12, 0xff, 0x31, 0x1c, 0x12, 0xff,
	0x33, 0x1d, 0x12, 0xff, 0x37, 0x1f, 0x12, 0xff, 0x3e, 0x22, 0x13, 0xff, 0x42, 0x23, 0x10, 0xff, 0x4a,
	0x26, 0x10, 0xff, 0x5c, 0x2e, 0x12, 0xff, 0x77, 0x3a, 0x0f, 0xff, 0xa9, 0x56, 0x0f, 0xff, 0xf8, 0xa7,
	0x2c, 0xff, 0xfe, 0xd6, 0x76, 0xff, 0xd3, 0x73, 0x13, 0xff, 0x91, 0x46, 0x11, 0xff, 0x84, 0x3f, 0x08,
	0xff, 0x87, 0x41, 0x0c, 0xff, 0xa2, 0x4f, 0x17, 0xff, 0xee, 0x9c, 0x14, 0xff, 0xff, 0xea, 0x89, 0xff,
	0xfc, 0xc0, 0x26, 0xff, 0xc6, 0x66, 0x14, 0xff, 0x9d, 0x4e, 0x13, 0xff, 0x9d, 0x4d, 0x0f, 0xff, 0xc7,
	0x65, 0x14, 0xff, 0xfc, 0xb7, 0x1e, 0xff, 0xff, 0xf2, 0x93, 0xff, 0xeb, 0x95, 0x1a, 0xff, 0x9f, 0x4e,
	0x10, 0xff, 0x87, 0x41, 0x0e, 0xff, 0x84, 0x3f, 0x0a, 0xff, 0x92, 0x47, 0x15, 0xff, 0xd6, 0x74, 0x0e,
	0xff, 0xfe, 0xd7, 0x7c, 0xff, 0xfa, 0xae, 0x39, 0xff, 0xb1, 0x59, 0x09, 0xff, 0x75, 0x3a, 0x13, 0xff,
	0x5b, 0x2e, 0x12, 0xff, 0x48, 0x24, 0x10, 0xff, 0x3e, 0x21, 0x12, 0xff, 0x39, 0x20, 0x12, 0xff, 0x34,
	0x1e, 0x12, 0xff, 0x33, 0x1d, 0x13, 0xff, 0x31, 0x1c, 0x13, 0xff, 0x32, 0x1d, 0x13, 0xff, 0x35, 0x1f,
	0x16, 0xff, 0x31, 0x1c, 0x13, 0xff, 0x30, 0x1c, 0x13, 0xff, 0x30, 0x1d, 0x13, 0xff, 0x33, 0x20, 0x16,
	0xff, 0x2d, 0x1b, 0x10, 0xff, 0x2f, 0x1b, 0x11, 0xff, 0x4e, 0x25, 0x09, 0xff, 0x61, 0x34, 0x17, 0xff,
	0x6c, 0x3d, 0x1e, 0xdf, 0x70, 0x3d, 0x1f, 0xdf, 0x62, 0x35, 0x1b, 0xff, 0x48, 0x22, 0x0b, 0xff, 0x2f,
	0x1b, 0x11, 0xff, 0x31, 0x1c, 0x12, 0xff, 0x32, 0x1d, 0x13, 0xff, 0x32, 0x1d, 0x13, 0xff, 0x31, 0x1c,
	0x12, 0xff, 0x31, 0x1d, 0x13, 0xff, 0x32, 0x1d, 0x13, 0xff, 0x32, 0x1c, 0x13, 0xff, 0x32, 0x1c, 0x12,
	0xff, 0x35, 0x1e, 0x12, 0xff, 0x3a, 0x20, 0x12, 0xff, 0x40, 0x23, 0x11, 0xff, 0x47, 0x25, 0x0f, 0xff,
	0x52, 0x2a, 0x11, 0xff, 0x67, 0x33, 0x13, 0xff, 0x8b, 0x46, 0x10, 0xff, 0xd9, 0x79, 0x0f, 0xff, 0xff,
	0xdb, 0x88, 0xff, 0xf3, 0xa1, 0x22, 0xff, 0xa8, 0x54, 0x16, 0xff, 0x88, 0x41, 0x0a, 0xff, 0x86, 0x40,
	0x08, 0xff, 0x8c, 0x44, 0x0f, 0xff, 0xbb, 0x5f, 0x14, 0xff, 0xfc, 0xc0, 0x2c, 0xff, 0xff, 0xe1, 0x81,
	0xff, 0xda, 0x7f, 0x18, 0xff, 0x9d, 0x4d, 0x12, 0xff, 0x88, 0x43, 0x10, 0xff, 0x88, 0x43, 0x0e, 0xff,
	0x9d, 0x4e, 0x15, 0xff, 0xe3, 0x7f, 0x11, 0xff, 0xff, 0xe6, 0x7d, 0xff, 0xfd, 0xc8, 0x37, 0xff, 0xbc,
	0x5f, 0x0d, 0xff, 0x8c, 0x44, 0x12, 0xff, 0x82, 0x3e, 0x0b, 0xff, 0x86, 0x40, 0x0f, 0xff, 0xae, 0x55,
	0x10, 0xff, 0xf6, 0xa0, 0x20, 0xff, 0xff, 0xdd, 0x91, 0xff, 0xdf, 0x7f, 0x0c, 0xff, 0x8a, 0x43, 0x0e,
	0xff, 0x65, 0x32, 0x11, 0xff, 0x4f, 0x28, 0x11, 0xff, 0x42, 0x22, 0x11, 0xff, 0x3b, 0x20, 0x12, 0xff,
	0x35, 0x1e, 0x12, 0xff, 0x32, 0x1c, 0x11, 0xff, 0x31, 0x1b, 0x11, 0xff, 0x36, 0x20, 0x15, 0xff, 0x32,
	0x1d, 0x13, 0xff, 0x32, 0x1d, 0x13, 0xff, 0x31, 0x1d, 0x13, 0xff, 0x31, 0x1d, 0x12, 0xff, 0x30, 0x1d,
	0x12, 0xff, 0x2f, 0x1c, 0x11, 0xff, 0x30, 0x1b, 0x12, 0xff, 0x4b, 0x23, 0x08, 0xff, 0x64, 0x35, 0x18,
	0xff, 0x6e, 0x3e, 0x1f, 0xdf, 0x71, 0x3f, 0x1f, 0xdf, 0x64, 0x36, 0x1d, 0xff, 0x48, 0x22, 0x0a, 0xff,
	0x31, 0x1c, 0x13, 0xff, 0x32, 0x1d, 0x13, 0xff, 0x32, 0x1d, 0x13, 0xff, 0x33, 0x1e, 0x13, 0xff, 0x32,
	0x1d, 0x13, 0xff, 0x32, 0x1d, 0x13, 0xff, 0x38, 0x22, 0x18, 0xff, 0x33, 0x1d, 0x13, 0xff, 0x34, 0x1e,
	0x12, 0xff, 0x39, 0x20, 0x12, 0xff, 0x3e, 0x22, 0x11, 0xff, 0x44, 0x25, 0x10, 0xff, 0x4d, 0x28, 0x10,
	0xff, 0x5d, 0x2f, 0x12, 0xff, 0x77, 0x3a, 0x10, 0xff, 0xa9, 0x57, 0x0e, 0xff, 0xf8, 0xa7, 0x2d, 0xff,
	0xfe, 0xd8, 0x7f, 0xff, 0xd4, 0x76, 0x13, 0xff, 0x91, 0x46, 0x15, 0xff, 0x84, 0x3f, 0x08, 0xff, 0x86,
	0x40, 0x0d, 0xff, 0x99, 0x4b, 0x18, 0xff, 0xdf, 0x7b, 0x12, 0xff, 0xff, 0xe2, 0x7f, 0xff, 0xfa, 0xac,
	0x26, 0xff, 0xae, 0x59, 0x12, 0xff, 0x83, 0x40, 0x11, 0xff, 0x76, 0x39, 0x0e, 0xff, 0x76, 0x39, 0x10,
	0xff, 0x84, 0x41, 0x14, 0xff, 0xb3, 0x5a, 0x11, 0xff, 0xfa, 0xb3, 0x31, 0xff, 0xff, 0xec, 0x86, 0xff,
	0xe3, 0x80, 0x09, 0xff, 0x98, 0x4c, 0x13, 0xff, 0x83, 0x3f, 0x0d, 0xff, 0x82, 0x3e, 0x0a, 0xff, 0x93,
	0x47, 0x13, 0xff, 0xd9, 0x75, 0x0d, 0xff, 0xfe, 0xd7, 0x7f, 0xff, 0xfa, 0xaf, 0x34, 0xff, 0xae, 0x59,
	0x0a, 0xff, 0x78, 0x3a, 0x11, 0xff, 0x5a, 0x2d, 0x12, 0xff, 0x49, 0x26, 0x0f, 0xff, 0x40, 0x22, 0x11,
	0xff, 0x3a, 0x1f, 0x12, 0xff, 0x35, 0x1e, 0x12, 0xff, 0x33, 0x1d, 0x11, 0xff, 0x32, 0x1d, 0x11, 0xff,
	0x32, 0x1d, 0x12, 0xff, 0x31, 0x1c, 0x12, 0xff, 0x31, 0x1c, 0x13, 0xff, 0x30, 0x1c, 0x13, 0xff, 0x30,
	0x1c, 0x12, 0xff, 0x30, 0x1c, 0x12, 0xff, 0x32, 0x1c, 0x13, 0xff, 0x49, 0x22, 0x09, 0xff, 0x66, 0x37,
	0x1a, 0xff, 0x74, 0x42, 0x23, 0xdf, 0x73, 0x40, 0x20, 0xdf, 0x66, 0x38, 0x1f, 0xff, 0x46, 0x20, 0x09,
	0xff, 0x33, 0x1d, 0x14, 0xff, 0x33, 0x1d, 0x13, 0xff, 0x41, 0x2c, 0x22, 0xff, 0x33, 0x1e, 0x12, 0xff,
	0x33, 0x1e, 0x12, 0xff, 0x33, 0x1e, 0x13, 0xff, 0x34, 0x1f, 0x13, 0xff, 0x35, 0x1f, 0x12, 0xff, 0x38,
	0x20, 0x12, 0xff, 0x3e, 0x22, 0x11, 0xff, 0x42, 0x24, 0x10, 0xff, 0x47, 0x27, 0x11, 0xff, 0x56, 0x2b,
	0x10, 0xff, 0x69, 0x35, 0x12, 0xff, 0x8d, 0x45, 0x10, 0xff, 0xd8, 0x78, 0x0d, 0xff, 0xfe, 0xd9, 0x85,
	0xff, 0xf7, 0xa1, 0x23, 0xff, 0xb0, 0x59, 0x12, 0xff, 0x87, 0x42, 0x0f, 0xff, 0x83, 0x3e, 0x0a, 0xff,
	0x89, 0x42, 0x11, 0xff, 0xb1, 0x5b, 0x11, 0xff, 0xf9, 0xa7, 0x1e, 0xff, 0xff, 0xdc, 0x89, 0xff, 0xdb,
	0x7b, 0x12, 0xff, 0x8e, 0x46, 0x12, 0xff, 0x71, 0x38, 0x12, 0xff, 0x65, 0x32, 0x0e, 0xff, 0x64, 0x31,
	0x0f, 0xff, 0x73, 0x38, 0x11, 0xff, 0x90, 0x47, 0x0f, 0xff, 0xdd, 0x7c, 0x12, 0xff, 0xff, 0xe0, 0x8b,
	0xff, 0xfa, 0xaf, 0x23, 0xff, 0xb2, 0x5a, 0x0c, 0xff, 0x88, 0x41, 0x0f, 0xff, 0x82, 0x3e, 0x0a, 0xff,
	0x87, 0x41, 0x10, 0xff, 0xae, 0x57, 0x10, 0xff, 0xf6, 0xa1, 0x1f, 0xff, 0xff, 0xdc, 0x8c, 0xff, 0xde,
	0x7e, 0x0a, 0xff, 0x90, 0x45, 0x10, 0xff, 0x6d, 0x3b, 0x1b, 0xff, 0x53, 0x2b, 0x12, 0xff, 0x45, 0x25,
	0x10, 0xff, 0x43, 0x26, 0x15, 0xff, 0x39, 0x20, 0x12, 0xff, 0x35, 0x1f, 0x11, 0xff, 0x33, 0x1e, 0x10,
	0xff, 0x33, 0x1d, 0x12, 0xff, 0x33, 0x1c, 0x13, 0xff, 0x32, 0x1c, 0x13, 0xff, 0x32, 0x1d, 0x12, 0xff,
	0x33, 0x1e, 0x13, 0xff, 0x32, 0x1d, 0x12, 0xff, 0x32, 0x1c, 0x12, 0xff, 0x46, 0x21, 0x07, 0xff, 0x6a,
	0x39, 0x1e, 0xff, 0x77, 0x44, 0x27, 0xdf, 0x75, 0x41, 0x23, 0xdf, 0x69, 0x39, 0x20, 0xff, 0x43, 0x1f,
	0x09, 0xff, 0x33, 0x1d, 0x14, 0xff, 0x33, 0x1d, 0x13, 0xff, 0x34, 0x1e, 0x13, 0xff, 0x33, 0x1e, 0x11,
	0xff, 0x33, 0x1e, 0x11, 0xff, 0x34, 0x1f, 0x13, 0xff, 0x35, 0x1f, 0x12, 0xff, 0x36, 0x20, 0x12, 0xff,
	0x3d, 0x24, 0x13, 0xff, 0x41, 0x24, 0x10, 0xff, 0x47, 0x26, 0x11, 0xff, 0x57, 0x30, 0x17, 0xff, 0x62,
	0x32, 0x11, 0xff, 0x79, 0x3c, 0x12, 0xff, 0xac, 0x57, 0x11, 0xff, 0xf8, 0xa8, 0x2b, 0xff, 0xff, 0xda,
	0x81, 0xff, 0xdb, 0x77, 0x11, 0xff, 0x92, 0x49, 0x13, 0xff, 0x82, 0x3f, 0x0b, 0xff, 0x84, 0x40, 0x0c,
	0xff, 0x9a, 0x4e, 0x16, 0xff, 0xd5, 0x74, 0x0d, 0xff, 0xfe, 0xd4, 0x73, 0xff, 0xfa, 0xb0, 0x37, 0xff,
	0xad, 0x57, 0x12, 0xff, 0x7c, 0x3c, 0x0f, 0xff, 0x62, 0x31, 0x12, 0xff, 0x59, 0x2d, 0x10, 0xff, 0x58,
	0x2d, 0x0f, 0xff, 0x62, 0x31, 0x11, 0xff, 0x7c, 0x3c, 0x11, 0xff, 0xaf, 0x58, 0x0e, 0xff, 0xfb, 0xb0,
	0x39, 0xff, 0xfe, 0xd9, 0x77, 0xff, 0xd7, 0x73, 0x07, 0xff, 0x93, 0x48, 0x13, 0xff, 0x83, 0x3f, 0x0d,
	0xff, 0x83, 0x3f, 0x0a, 0xff, 0x92, 0x47, 0x12, 0xff, 0xd8, 0x76, 0x0a, 0xff, 0xfe, 0xd7, 0x84, 0xff,
	0xfa, 0xb0, 0x34, 0xff, 0xad, 0x57, 0x07, 0xff, 0x77, 0x39, 0x10, 0xff, 0x5d, 0x30, 0x12, 0xff, 0x4b,
	0x28, 0x10, 0xff, 0x43, 0x23, 0x10, 0xff, 0x3d, 0x21, 0x12, 0xff, 0x38, 0x1f, 0x11, 0xff, 0x35, 0x1f,
	0x11, 0xff, 0x34, 0x1f, 0x12, 0xff, 0x33, 0x1e, 0x12, 0xff, 0x34, 0x1d, 0x13, 0xff, 0x34, 0x1d, 0x12,
	0xff, 0x39, 0x23, 0x17, 0xff, 0x34, 0x1e, 0x12, 0xff, 0x36, 0x1e, 0x14, 0xff, 0x43, 0x20, 0x08, 0xff,
	0x6c, 0x3b, 0x21, 0xff, 0x7a, 0x46, 0x29, 0xdf, 0x77, 0x42, 0x26, 0xdf, 0x6a, 0x39, 0x21, 0xff, 0x3e,
	0x1e, 0x0a, 0xff, 0x33, 0x1e, 0x14, 0xff, 0x34, 0x1e, 0x13, 0xff, 0x33, 0x1e, 0x11, 0xff, 0x33, 0x1f,
	0x11, 0xff, 0x33, 0x1f, 0x11, 0xff, 0x3e, 0x28, 0x19, 0xff, 0x38, 0x20, 0x12, 0xff, 0x3b, 0x22, 0x12,
	0xff, 0x3f, 0x23, 0x11, 0xff, 0x44, 0x25, 0x11, 0xff, 0x4c, 0x29, 0x12, 0xff, 0x5a, 0x2f, 0x13, 0xff,
	0x6f, 0x39, 0x15, 0xff, 0x90, 0x47, 0x0f, 0xff, 0xd7, 0x76, 0x11, 0xff, 0xff, 0xd9, 0x84, 0xff, 0xf9,
	0xa9, 0x29, 0xff, 0xb4, 0x5b, 0x15, 0xff, 0x86, 0x42, 0x10, 0xff, 0x82, 0x40, 0x0b, 0xff, 0x89, 0x43,
	0x12, 0xff, 0xb0, 0x58, 0x11, 0xff, 0xf5, 0x9a, 0x17, 0xff, 0xff, 0xdf, 0x8b, 0xff, 0xe0, 0x7e, 0x0f,
	0xff, 0x92, 0x47, 0x0f, 0xff, 0x6b, 0x35, 0x11, 0xff, 0x56, 0x2d, 0x12, 0xff, 0x50, 0x2a, 0x11, 0xff,
	0x50, 0x2a, 0x10, 0xff, 0x58, 0x2c, 0x12, 0xff, 0x6b, 0x35, 0x13, 0xff, 0x91, 0x47, 0x0d, 0xff, 0xdf,
	0x7e, 0x0a, 0xff, 0xfe, 0xdf, 0x8f, 0xff, 0xf6, 0x9e, 0x1b, 0xff, 0xad, 0x58, 0x0e, 0xff, 0x87, 0x43,
	0x11, 0xff, 0x82, 0x3f, 0x0c, 0xff, 0x88, 0x42, 0x0f, 0xff, 0xb4, 0x5a, 0x0e, 0xff, 0xf9, 0xa7, 0x2a,
	0xff, 0xff, 0xdc, 0x8d, 0xff, 0xdc, 0x7d, 0x08, 0xff, 0x8d, 0x45, 0x11, 0xff, 0x68, 0x34, 0x14, 0xff,
	0x55, 0x2c, 0x10, 0xff, 0x4a, 0x27, 0x10, 0xff, 0x42, 0x23, 0x11, 0xff, 0x3b, 0x21, 0x11, 0xff, 0x37,
	0x1f, 0x11, 0xff, 0x35, 0x1f, 0x13, 0xff, 0x35, 0x1f, 0x12, 0xff, 0x34, 0x1f, 0x12, 0xff, 0x34, 0x1f,
	0x12, 0xff, 0x34, 0x1e, 0x11, 0xff, 0x35, 0x1e, 0x12, 0xff, 0x36, 0x1d, 0x12, 0xff, 0x3f, 0x1f, 0x09,
	0xff, 0x6e, 0x3d, 0x23, 0xff, 0x7d, 0x49, 0x2c, 0xdf, 0x79, 0x44, 0x27, 0xdf, 0x6d, 0x3b, 0x22, 0xff,
	0x3b, 0x1c, 0x0b, 0xff, 0x34, 0x1e, 0x15, 0xff, 0x35, 0x1f, 0x13, 0xff, 0x34, 0x1f, 0x12, 0xff, 0x34,
	0x1f, 0x11, 0xff, 0x34, 0x1f, 0x11, 0xff, 0x37, 0x21, 0x12, 0xff, 0x3a, 0x21, 0x12, 0xff, 0x3f, 0x23,
	0x11, 0xff, 0x42, 0x24, 0x10, 0xff, 0x49, 0x27, 0x11, 0xff, 0x54, 0x2c, 0x13, 0xff, 0x68, 0x35, 0x14,
	0xff, 0x7d, 0x3f, 0x11, 0xff, 0xad, 0x59, 0x11, 0xff, 0xf9, 0xa7, 0x27, 0xff, 0xff, 0xdb, 0x82, 0xff,
	0xde, 0x7c, 0x11, 0xff, 0x97, 0x4b, 0x15, 0xff, 0x86, 0x41, 0x0a, 0xff, 0x87, 0x41, 0x0a, 0xff, 0x93,
	0x4a, 0x19, 0xff, 0xd3, 0x70, 0x10, 0xff, 0xfe, 0xce, 0x65, 0xff, 0xfc, 0xb9, 0x47, 0xff, 0xb3, 0x5c,
	0x10, 0xff, 0x7c, 0x3d, 0x11, 0xff, 0x5e, 0x30, 0x12, 0xff, 0x4e, 0x29, 0x0f, 0xff, 0x49, 0x26, 0x10,
	0xff, 0x4a, 0x27, 0x0f, 0xff, 0x52, 0x2a, 0x11, 0xff, 0x5f, 0x30, 0x13, 0xff, 0x7b, 0x3c, 0x11, 0xff,
	0xaf, 0x5b, 0x10, 0xff, 0xfc, 0xb6, 0x45, 0xff, 0xfe, 0xd0, 0x6e, 0xff, 0xd3, 0x72, 0x08, 0xff, 0x93,
	0x49, 0x12, 0xff, 0x85, 0x41, 0x0f, 0xff, 0x86, 0x41, 0x0c, 0xff, 0x9a, 0x4e, 0x17, 0xff, 0xde, 0x7a,
	0x0d, 0xff, 0xfe, 0xd9, 0x8a, 0xff, 0xf9, 0xad, 0x30, 0xff, 0xb0, 0x59, 0x09, 0xff, 0x7a, 0x3d, 0x14,
	0xff, 0x62, 0x32, 0x12, 0xff, 0x52, 0x2a, 0x10, 0xff, 0x46, 0x25, 0x10, 0xff, 0x3f, 0x22, 0x11, 0xff,
	0x3b, 0x20, 0x12, 0xff, 0x38, 0x20, 0x12, 0xff, 0x35, 0x1f, 0x12, 0xff, 0x36, 0x20, 0x13, 0xff, 0x38,
	0x22, 0x15, 0xff, 0x34, 0x1e, 0x11, 0xff, 0x35, 0x1f, 0x13, 0xff, 0x37, 0x1e, 0x12, 0xff, 0x3d, 0x1d,
	0x09, 0xff, 0x71, 0x3f, 0x24, 0xff, 0x7f, 0x4a, 0x2e, 0xdf, 0x7d, 0x46, 0x29, 0xdf, 0x71, 0x3d, 0x24,
	0xff, 0x3a, 0x1b, 0x0b, 0xff, 0x34, 0x1f, 0x15, 0xff, 0x34, 0x1f, 0x12, 0xff, 0x35, 0x20, 0x12, 0xff,
	0x36, 0x20, 0x12, 0xff, 0x36, 0x20, 0x12, 0xff, 0x39, 0x22, 0x12, 0xff, 0x3e, 0x23, 0x11, 0xff, 0x42,
	0x25, 0x11, 0xff, 0x46, 0x26, 0x0f, 0xff, 0x4e, 0x2a, 0x11, 0xff, 0x5d, 0x31, 0x15, 0xff, 0x79, 0x3c,
	0x11, 0xff, 0x93, 0x4a, 0x12, 0xff, 0xe5, 0x81, 0x11, 0xff, 0xff, 0xdd, 0x84, 0xff, 0xfb, 0xb3, 0x2c,
	0xff, 0xbc, 0x60, 0x13, 0xff, 0x8e, 0x46, 0x12, 0xff, 0x89, 0x42, 0x0c, 0xff, 0x8c, 0x44, 0x10, 0xff,
	0xaa, 0x55, 0x15, 0xff, 0xf2, 0x91, 0x0e, 0xff, 0xff, 0xe2, 0x98, 0xff, 0xe9, 0x89, 0x13, 0xff, 0x94,
	0x49, 0x0f, 0xff, 0x6b, 0x36, 0x12, 0xff, 0x56, 0x2d, 0x13, 0xff, 0x4a, 0x27, 0x10, 0xff, 0x45, 0x25,
	0x10, 0xff, 0x46, 0x25, 0x0f, 0xff, 0x4d, 0x28, 0x10, 0xff, 0x58, 0x2d, 0x12, 0xff, 0x6a, 0x35, 0x12,
	0xff, 0x90, 0x48, 0x12, 0xff, 0xe7, 0x87, 0x0e, 0xff, 0xfe, 0xe2, 0x97, 0xff, 0xf1, 0x95, 0x16, 0xff,
	0xaa, 0x55, 0x10, 0xff, 0x8b, 0x44, 0x11, 0xff, 0x86, 0x41, 0x09, 0xff, 0x8e, 0x45, 0x0f, 0xff, 0xb7,
	0x5c, 0x10, 0xff, 0xfb, 0xaa, 0x2b, 0xff, 0xff, 0xdc, 0x8e, 0xff, 0xe7, 0x82, 0x06, 0xff, 0x99, 0x4c,
	0x0d, 0xff, 0x71, 0x39, 0x15, 0xff, 0x5a, 0x2e, 0x11, 0xff, 0x4c, 0x28, 0x0f, 0xff, 0x44, 0x25, 0x12,
	0xff, 0x3e, 0x21, 0x12, 0xff, 0x39, 0x1f, 0x11, 0xff, 0x35, 0x1f, 0x12, 0xff, 0x35, 0x1f, 0x12, 0xff,
	0x37, 0x20, 0x13, 0xff, 0x35, 0x1f, 0x12, 0xff, 0x36, 0x1f, 0x13, 0xff, 0x37, 0x1e, 0x12, 0xff, 0x3b,
	0x1c, 0x0a, 0xff, 0x75, 0x40, 0x24, 0xff, 0x82, 0x4c, 0x2f, 0xdf, 0x80, 0x48, 0x2c, 0xdf, 0x74, 0x3f,
	0x26, 0xff, 0x38, 0x1a, 0x0c, 0xff, 0x34, 0x1f, 0x14, 0xff, 0x36, 0x20, 0x13, 0xff, 0x37, 0x21, 0x14,
	0xff, 0x39, 0x22, 0x14, 0xff, 0x39, 0x22, 0x13, 0xff, 0x3d, 0x23, 0x11, 0xff, 0x41, 0x23, 0x12, 0xff,
	0x45, 0x25, 0x11, 0xff, 0x4c, 0x29, 0x11, 0xff, 0x58, 0x2e, 0x13, 0xff, 0x6c, 0x36, 0x11, 0xff, 0x85,
	0x42, 0x11, 0xff, 0xc1, 0x69, 0x15, 0xff, 0xfe, 0xb8, 0x27, 0xff, 0xff, 0xe0, 0x83, 0xff, 0xe8, 0x89,
	0x15, 0xff, 0xa8, 0x53, 0x12, 0xff, 0x8e, 0x44, 0x0f, 0xff, 0x8e, 0x44, 0x0e, 0xff, 0x98, 0x4b, 0x16,
	0xff, 0xd0, 0x6d, 0x0f, 0xff, 0xfe, 0xc5, 0x4f, 0xff, 0xfd, 0xc3, 0x55, 0xff, 0xc2, 0x66, 0x11, 0xff,
	0x82, 0x3f, 0x0a, 0xff, 0x5f, 0x31, 0x11, 0xff, 0x50, 0x2a, 0x10, 0xff, 0x46, 0x26, 0x10, 0xff, 0x42,
	0x24, 0x11, 0xff, 0x43, 0x25, 0x10, 0xff, 0x48, 0x27, 0x0f, 0xff, 0x52, 0x2b, 0x11, 0xff, 0x62, 0x31,
	0x12, 0xff, 0x7e, 0x3e, 0x11, 0xff, 0xbb, 0x62, 0x10, 0xff, 0xfd, 0xbf, 0x55, 0xff, 0xfe, 0xc7, 0x5a,
	0xff, 0xce, 0x6e, 0x0b, 0xff, 0x98, 0x4a, 0x10, 0xff, 0x89, 0x42, 0x0b, 0xff, 0x8d, 0x44, 0x0f, 0xff,
	0xa4, 0x51, 0x16, 0xff, 0xe6, 0x80, 0x0e, 0xff, 0xfe, 0xdb, 0x89, 0xff, 0xfe, 0xbd, 0x33, 0xff, 0xc2,
	0x6d, 0x07, 0xff, 0x84, 0x42, 0x0f, 0xff, 0x67, 0x34, 0x10, 0xff, 0x55, 0x2c, 0x11, 0xff, 0x49, 0x27,
	0x10, 0xff, 0x41, 0x23, 0x11, 0xff, 0x3e, 0x23, 0x14, 0xff, 0x37, 0x1f, 0x12, 0xff, 0x37, 0x20, 0x13,
	0xff, 0x39, 0x21, 0x14, 0xff, 0x37, 0x20, 0x14, 0xff, 0x38, 0x20, 0x14, 0xff, 0x38, 0x1f, 0x13, 0xff,
	0x3a, 0x1c, 0x09, 0xff, 0x78, 0x42, 0x26, 0xff, 0x85, 0x4d, 0x30, 0xdf, 0x82, 0x4a, 0x2d, 0xdf, 0x77,
	0x41, 0x28, 0xff, 0x36, 0x1a, 0x0b, 0xff, 0x36, 0x21, 0x15, 0xff, 0x38, 0x21, 0x14, 0xff, 0x39, 0x21,
	0x14, 0xff, 0x3b, 0x22, 0x14, 0xff, 0x3e, 0x23, 0x12, 0xff, 0x40, 0x24, 0x12, 0xff, 0x43, 0x24, 0x11,
	0xff, 0x48, 0x27, 0x12, 0xff, 0x5f, 0x36, 0x1b, 0xff, 0x63, 0x33, 0x13, 0xff, 0x84, 0x40, 0x0f, 0xff,
	0xa2, 0x51, 0x13, 0xff, 0xed, 0x9c, 0x19, 0xff, 0xff, 0xe6, 0x84, 0xff, 0xfd, 0xba, 0x2e, 0xff, 0xcc,
	0x6b, 0x18, 0xff, 0x9e, 0x4e, 0x12, 0xff, 0x92, 0x47, 0x0f, 0xff, 0x96, 0x48, 0x0f, 0xff, 0xac, 0x56,
	0x13, 0xff, 0xf1, 0x8e, 0x0b, 0xff, 0xff, 0xe4, 0x9a, 0xff, 0xec, 0x93, 0x15, 0xff, 0x9b, 0x4d, 0x11,
	0xff, 0x6f, 0x38, 0x11, 0xff, 0x57, 0x2d, 0x14, 0xff, 0x4c, 0x28, 0x11, 0xff, 0x44, 0x25, 0x10, 0xff,
	0x41, 0x24, 0x11, 0xff, 0x41, 0x24, 0x10, 0xff, 0x45, 0x26, 0x0f, 0xff, 0x4c, 0x29, 0x10, 0xff, 0x5f,
	0x33, 0x16, 0xff, 0x6f, 0x38, 0x10, 0xff, 0x95, 0x4b, 0x12, 0xff, 0xea, 0x8f, 0x12, 0xff, 0xfe, 0xe4,
	0x9e, 0xff, 0xf1, 0x94, 0x11, 0xff, 0xad, 0x55, 0x0e, 0xff, 0x93, 0x47, 0x10, 0xff, 0x93, 0x47, 0x0e,
	0xff, 0x9e, 0x4c, 0x11, 0xff, 0xc8, 0x65, 0x13, 0xff, 0xfe, 0xb7, 0x2b, 0xff, 0xff, 0xe8, 0x92, 0xff,
	0xeb, 0x9e, 0x0f, 0xff, 0xaa, 0x56, 0x0f, 0xff, 0x7b, 0x3e, 0x14, 0xff, 0x5f, 0x30, 0x11, 0xff, 0x4e,
	0x29, 0x10, 0xff, 0x45, 0x25, 0x10, 0xff, 0x3f, 0x24, 0x12, 0xff, 0x39, 0x21, 0x13, 0xff, 0x38, 0x20,
	0x12, 0xff, 0x39, 0x20, 0x13, 0xff, 0x38, 0x20, 0x13, 0xff, 0x39, 0x20, 0x14, 0xff, 0x37, 0x1f, 0x13,
	0xff, 0x38, 0x1b, 0x08, 0xff, 0x7a, 0x44, 0x28, 0xff, 0x88, 0x4f, 0x32, 0xdf, 0x84, 0x4b, 0x2f, 0xdf,
	0x77, 0x42, 0x28, 0xff, 0x32, 0x19, 0x0a, 0xff, 0x37, 0x21, 0x15, 0xff, 0x3a, 0x22, 0x14, 0xff, 0x3c,
	0x22, 0x14, 0xff, 0x3f, 0x23, 0x14, 0xff, 0x3f, 0x23, 0x12, 0xff, 0x41, 0x24, 0x11, 0xff, 0x46, 0x26,
	0x11, 0xff, 0x4f, 0x2a, 0x12, 0xff, 0x5e, 0x31, 0x12, 0xff, 0x7b, 0x3e, 0x12, 0xff, 0x9d, 0x4d, 0x11,
	0xff, 0xd4, 0x7b, 0x1b, 0xff, 0xfe, 0xd8, 0x26, 0xff, 0xff, 0xe9, 0x8f, 0xff, 0xf5, 0x99, 0x16, 0xff,
	0xbd, 0x60, 0x13, 0xff, 0xa0, 0x4e, 0x0e, 0xff, 0x9a, 0x4a, 0x0c, 0xff, 0xa2, 0x4f, 0x15, 0xff, 0xcb,
	0x6a, 0x11, 0xff, 0xfe, 0xbd, 0x41, 0xff, 0xfe, 0xcf, 0x68, 0xff, 0xca, 0x6e, 0x11, 0xff, 0x86, 0x42,
	0x12, 0xff, 0x63, 0x33, 0x13, 0xff, 0x53, 0x2b, 0x11, 0xff, 0x49, 0x27, 0x10, 0xff, 0x42, 0x25, 0x10,
	0xff, 0x41, 0x24, 0x10, 0xff, 0x40, 0x24, 0x10, 0xff, 0x43, 0x25, 0x0f, 0xff, 0x48, 0x27, 0x0f, 0xff,
	0x53, 0x2c, 0x11, 0xff, 0x62, 0x32, 0x12, 0xff, 0x81, 0x40, 0x10, 0xff, 0xc5, 0x6b, 0x0d, 0xff, 0xfe,
	0xcd, 0x67, 0xff, 0xfe, 0xc1, 0x4b, 0xff, 0xcd, 0x6c, 0x0c, 0xff, 0xa3, 0x50, 0x12, 0xff, 0x9e, 0x4c,
	0x0d, 0xff, 0xa2, 0x4f, 0x0d, 0xff, 0xbc, 0x5e, 0x15, 0xff, 0xfa, 0xa1, 0x0f, 0xff, 0xff, 0xe7, 0x8f,
	0xff, 0xfe, 0xd7, 0x31, 0xff, 0xe2, 0x7b, 0x10, 0xff, 0x9d, 0x50, 0x10, 0xff, 0x6d, 0x37, 0x11, 0xff,
	0x58, 0x2c, 0x13, 0xff, 0x49, 0x28, 0x11, 0xff, 0x41, 0x24, 0x11, 0xff, 0x3a, 0x22, 0x13, 0xff, 0x37,
	0x20, 0x12, 0xff, 0x3a, 0x21, 0x13, 0xff, 0x3b, 0x21, 0x13, 0xff, 0x3a, 0x21, 0x14, 0xff, 0x39, 0x20,
	0x13, 0xff, 0x36, 0x19, 0x07, 0xff, 0x7c, 0x45, 0x2a, 0xff, 0x89, 0x50, 0x34, 0xdf, 0x86, 0x4d, 0x30,
	0xdf, 0x79, 0x45, 0x2b, 0xff, 0x32, 0x17, 0x09, 0xff, 0x3a, 0x21, 0x16, 0xff, 0x3d, 0x22, 0x13, 0xff,
	0x3f, 0x23, 0x14, 0xff, 0x40, 0x22, 0x13, 0xff, 0x40, 0x23, 0x13, 0xff, 0x42, 0x24, 0x11, 0xff, 0x48,
	0x27, 0x11, 0xff, 0x53, 0x2c, 0x12, 0xff, 0x65, 0x33, 0x12, 0xff, 0x8f, 0x48, 0x10, 0xff, 0xd8, 0x70,
	0x12, 0xff, 0xf9, 0xb8, 0x1f, 0xff, 0xff, 0xf5, 0x90, 0xff, 0xff, 0xd7, 0x36, 0xff, 0xef, 0x85, 0x15,
	0xff, 0xc0, 0x62, 0x13, 0xff, 0xaa, 0x54, 0x14, 0xff, 0xa6, 0x51, 0x12, 0xff, 0xb5, 0x5a, 0x16, 0xff,
	0xef, 0x8d, 0x0e, 0xff, 0xff, 0xe2, 0x8f, 0xff, 0xf3, 0xa1, 0x1d, 0xff, 0xa6, 0x55, 0x10, 0xff, 0x75,
	0x3b, 0x14, 0xff, 0x5c, 0x30, 0x13, 0xff, 0x4f, 0x2a, 0x11, 0xff, 0x47, 0x27, 0x10, 0xff, 0x43, 0x25,
	0x11, 0xff, 0x42, 0x25, 0x11, 0xff, 0x41, 0x24, 0x10, 0xff, 0x42, 0x25, 0x11, 0xff, 0x46, 0x26, 0x0f,
	0xff, 0x4e, 0x29, 0x11, 0xff, 0x5b, 0x2f, 0x13, 0xff, 0x72, 0x39, 0x14, 0xff, 0x9f, 0x51, 0x11, 0xff,
	0xf1, 0x9a, 0x17, 0xff, 0xff, 0xe3, 0x95, 0xff, 0xf2, 0x93, 0x0e, 0xff, 0xbb, 0x5e, 0x11, 0xff, 0xa9,
	0x53, 0x14, 0xff, 0xb3, 0x5a, 0x15, 0xff, 0xc3, 0x62, 0x13, 0xff, 0xf0, 0x8f, 0x18, 0xff, 0xff, 0xe0,
	0x31, 0xff, 0xff, 0xf6, 0x9f, 0xff, 0xfd, 0xb2, 0x20, 0xff, 0xc9, 0x6a, 0x07, 0xff, 0x7e, 0x40, 0x10,
	0xff, 0x61, 0x31, 0x14, 0xff, 0x4e, 0x2a, 0x12, 0xff, 0x44, 0x25, 0x11, 0xff, 0x3e, 0x24, 0x12, 0xff,
	0x3a, 0x22, 0x13, 0xff, 0x3b, 0x22, 0x13, 0xff, 0x3c, 0x22, 0x12, 0xff, 0x3c, 0x22, 0x13, 0xff, 0x3a,
	0x22, 0x14, 0xff, 0x34, 0x19, 0x07, 0xff, 0x7e, 0x47, 0x2c, 0xff, 0x8b, 0x52, 0x36, 0xdf, 0x89, 0x4f,
	0x31, 0xdf, 0x7c, 0x47, 0x2c, 0xff, 0x31, 0x17, 0x0a, 0xff, 0x3b, 0x22, 0x15, 0xff, 0x3f, 0x23, 0x13,
	0xff, 0x40, 0x22, 0x13, 0xff, 0x40, 0x23, 0x13, 0xff, 0x41, 0x24, 0x13, 0xff, 0x44, 0x26, 0x12, 0xff,
	0x4a, 0x28, 0x11, 0xff, 0x58, 0x2e, 0x14, 0xff, 0x6f, 0x38, 0x13, 0xff, 0x96, 0x4c, 0x12, 0xff, 0xf3,
	0x9d, 0x18, 0xff, 0xff, 0xe8, 0x58, 0xff, 0xff, 0xf9, 0xac, 0xff, 0xff, 0xd0, 0x23, 0xff, 0xfa, 0x8f,
	0x1d, 0xff, 0xd9, 0x6f, 0x11, 0xff, 0xbe, 0x60, 0x13, 0xff, 0xbb, 0x5f, 0x17, 0xff, 0xd9, 0x75, 0x14,
	0xff, 0xfe, 0xbf, 0x34, 0xff, 0xfe, 0xd8, 0x78, 0xff, 0xd3, 0x78, 0x15, 0xff, 0x8e, 0x47, 0x10, 0xff,
	0x66, 0x34, 0x14, 0xff, 0x55, 0x2c, 0x12, 0xff, 0x4c, 0x28, 0x10, 0xff, 0x45, 0x26, 0x10, 0xff, 0x43,
	0x25, 0x11, 0xff, 0x43, 0x25, 0x11, 0xff, 0x43, 0x25, 0x11, 0xff, 0x45, 0x28, 0x14, 0xff, 0x45, 0x26,
	0x11, 0xff, 0x4c, 0x28, 0x11, 0xff, 0x56, 0x2d, 0x12, 0xff, 0x66, 0x34, 0x14, 0xff, 0x85, 0x43, 0x13,
	0xff, 0xd0, 0x73, 0x0c, 0xff, 0xfe, 0xd6, 0x79, 0xff, 0xfe, 0xc3, 0x3f, 0xff, 0xde, 0x78, 0x19, 0xff,
	0xc1, 0x60, 0x14, 0xff, 0xc6, 0x64, 0x17, 0xff, 0xdf, 0x75, 0x18, 0xff, 0xfb, 0x94, 0x17, 0xff, 0xff,
	0xd0, 0x1f, 0xff, 0xff, 0xf9, 0xbb, 0xff, 0xff, 0xe6, 0x6d, 0xff, 0xec, 0x8f, 0x0d, 0xff, 0x9b, 0x4f,
	0x0f, 0xff, 0x6a, 0x36, 0x12, 0xff, 0x55, 0x2c, 0x12, 0xff, 0x48, 0x28, 0x12, 0xff, 0x42, 0x24, 0x11,
	0xff, 0x47, 0x2b, 0x19, 0xff, 0x3b, 0x22, 0x13, 0xff, 0x3a, 0x22, 0x13, 0xff, 0x3b, 0x22, 0x13, 0xff,
	0x3a, 0x22, 0x14, 0xff, 0x33, 0x18, 0x07, 0xff, 0x7f, 0x48, 0x2d, 0xff, 0x8c, 0x53, 0x36, 0xdf, 0x8b,
	0x50, 0x33, 0xdf, 0x7e, 0x48, 0x2d, 0xff, 0x2d, 0x15, 0x0a, 0xff, 0x3c, 0x22, 0x16, 0xff, 0x40, 0x24,
	0x13, 0xff, 0x41, 0x23, 0x12, 0xff, 0x41, 0x24, 0x14, 0xff, 0x41, 0x24, 0x12, 0xff, 0x45, 0x26, 0x12,
	0xff, 0x4b, 0x29, 0x11, 0xff, 0x5b, 0x2f, 0x12, 0xff, 0x76, 0x3c, 0x0f, 0xff, 0xbb, 0x62, 0x15, 0xff,
	0xfb, 0xbe, 0x2d, 0xff, 0xff, 0xf9, 0xc3, 0xff, 0xff, 0xf8, 0x8b, 0xff, 0xff, 0xde, 0x28, 0xff, 0xfe,
	0xc5, 0x1a, 0xff, 0xf9, 0x9c, 0x0c, 0xff, 0xf2, 0x92, 0x09, 0xff, 0xf4, 0x95, 0x0a, 0xff, 0xfd, 0xae,
	0x14, 0xff, 0xff, 0xe6, 0x8d, 0xff, 0xf7, 0xaa, 0x23, 0xff, 0xa9, 0x58, 0x13, 0xff, 0x78, 0x3d, 0x13,
	0xff, 0x5f, 0x31, 0x14, 0xff, 0x53, 0x2b, 0x12, 0xff, 0x4a, 0x28, 0x12, 0xff, 0x46, 0x27, 0x11, 0xff,
	0x44, 0x26, 0x11, 0xff, 0x44, 0x25, 0x11, 0xff, 0x43, 0x25, 0x11, 0xff, 0x43, 0x25, 0x11, 0xff, 0x4b,
	0x2b, 0x15, 0xff, 0x4a, 0x28, 0x11, 0xff, 0x51, 0x2b, 0x13, 0xff, 0x5e, 0x31, 0x12, 0xff, 0x72, 0x3a,
	0x14, 0xff, 0xa9, 0x58, 0x13, 0xff, 0xf7, 0xa9, 0x20, 0xff, 0xff, 0xe5, 0x8b, 0xff, 0xfd, 0xb0, 0x12,
	0xff, 0xf6, 0x99, 0x09, 0xff, 0xf4, 0x96, 0x0b, 0xff, 0xfb, 0xa3, 0x0e, 0xff, 0xff, 0xc5, 0x1a, 0xff,
	0xff, 0xe0, 0x2b, 0xff, 0xff, 0xf8, 0x97, 0xff, 0xff, 0xfb, 0xca, 0xff, 0xfe, 0xcc, 0x2e, 0xff, 0xbc,
	0x65, 0x0b, 0xff, 0x6d, 0x39, 0x15, 0xff, 0x56, 0x2e, 0x13, 0xff, 0x48, 0x27, 0x13, 0xff, 0x44, 0x24,
	0x11, 0xff, 0x42, 0x24, 0x11, 0xff, 0x3f, 0x23, 0x12, 0xff, 0x3e, 0x23, 0x14, 0xff, 0x42, 0x28, 0x18,
	0xff, 0x3b, 0x22, 0x14, 0xff, 0x30, 0x17, 0x08, 0xff, 0x81, 0x4a, 0x2f, 0xff, 0x8e, 0x55, 0x39, 0xdf,
	0x8d, 0x52, 0x35, 0xdf, 0x7f, 0x49, 0x2e, 0xff, 0x2b, 0x15, 0x09, 0xff, 0x3c, 0x23, 0x15, 0xff, 0x45,
	0x29, 0x19, 0xff, 0x41, 0x24, 0x12, 0xff, 0x42, 0x24, 0x13, 0xff, 0x45, 0x26, 0x14, 0xff, 0x45, 0x26,
	0x12, 0xff, 0x4e, 0x2b, 0x15, 0xff, 0x5a, 0x2f, 0x12, 0xff, 0x72, 0x39, 0x13, 0xff, 0xae, 0x5a, 0x14,
	0xff, 0xfd, 0xc8, 0x51, 0xff, 0xff, 0xfd, 0xed, 0xff, 0xff, 0xfb, 0xc3, 0xff, 0xff, 0xf9, 0xa7, 0xff,
	0xff, 0xf5, 0x9a, 0xff, 0xff, 0xeb, 0x96, 0xff, 0xff, 0xe8, 0x98, 0xff, 0xff, 0xe9, 0x95, 0xff, 0xff,
	0xec, 0x98, 0xff, 0xfe, 0xd6, 0x8e, 0xff, 0xd1, 0x77, 0x0f, 0xff, 0x8b, 0x46, 0x14, 0xff, 0x69, 0x36,
	0x13, 0xff, 0x58, 0x2e, 0x13, 0xff, 0x4e, 0x29, 0x11, 0xff, 0x49, 0x27, 0x12, 0xff, 0x46, 0x26, 0x12,
	0xff, 0x44, 0x26, 0x12, 0xff, 0x45, 0x26, 0x12, 0xff, 0x45, 0x26, 0x12, 0xff, 0x48, 0x29, 0x15, 0xff,
	0x45, 0x26, 0x12, 0xff, 0x48, 0x27, 0x11, 0xff, 0x4d, 0x2a, 0x12, 0xff, 0x57, 0x2e, 0x13, 0xff, 0x65,
	0x34, 0x15, 0xff, 0x85, 0x44, 0x14, 0xff, 0xd2, 0x77, 0x0c, 0xff, 0xfe, 0xd5, 0x81, 0xff, 0xff, 0xeb,
	0x9b, 0xff, 0xff, 0xe9, 0x94, 0xff, 0xff, 0xe9, 0x94, 0xff, 0xff, 0xeb, 0x98, 0xff, 0xff, 0xf1, 0x9b,
	0xff, 0xff, 0xf9, 0xb7, 0xff, 0xff, 0xfc, 0xd3, 0xff, 0xff, 0xfd, 0xef, 0xff, 0xfe, 0xcd, 0x5a, 0xff,
	0xb3, 0x5f, 0x0f, 0xff, 0x6e, 0x3a, 0x17, 0xff, 0x56, 0x2d, 0x13, 0xff, 0x4a, 0x28, 0x12, 0xff, 0x45,
	0x25, 0x13, 0xff, 0x43, 0x24, 0x12, 0xff, 0x41, 0x22, 0x13, 0xff, 0x40, 0x23, 0x13, 0xff, 0x3f, 0x23,
	0x13, 0xff, 0x3c, 0x22, 0x13, 0xff, 0x2e, 0x16, 0x08, 0xff, 0x82, 0x4b, 0x30, 0xff, 0x90, 0x57, 0x3b,
	0xdf, 0x8f, 0x53, 0x35, 0xdf, 0x83, 0x4b, 0x2f, 0xff, 0x29, 0x14, 0x0a, 0xff, 0x3d, 0x24, 0x14, 0xff,
	0x40, 0x25, 0x13, 0xff, 0x41, 0x24, 0x13, 0xff, 0x42, 0x25, 0x13, 0xff, 0x44, 0x25, 0x12, 0xff, 0x46,
	0x27, 0x12, 0xff, 0x4a, 0x29, 0x11, 0xff, 0x57, 0x2e, 0x13, 0xff, 0x69, 0x36, 0x14, 0xff, 0x9a, 0x4d,
	0x12, 0xff, 0xed, 0x93, 0x28, 0xff, 0xff, 0xd5, 0x36, 0xff, 0xff, 0xd7, 0x28, 0xff, 0xfe, 0xc1, 0x21,
	0xff, 0xfb, 0xb2, 0x1f, 0xff, 0xf9, 0xaa, 0x1e, 0xff, 0xf7, 0xa4, 0x1e, 0xff, 0xf5, 0xa0, 0x20, 0xff,
	0xf0, 0x99, 0x21, 0xff, 0xd5, 0x79, 0x15, 0xff, 0x93, 0x4d, 0x11, 0xff, 0x70, 0x39, 0x16, 0xff, 0x5f,
	0x31, 0x14, 0xff, 0x53, 0x2c, 0x13, 0xff, 0x4b, 0x29, 0x12, 0xff, 0x48, 0x28, 0x13, 0xff, 0x46, 0x26,
	0x14, 0xff, 0x44, 0x25, 0x13, 0xff, 0x45, 0x25, 0x13, 0xff, 0x44, 0x25, 0x13, 0xff, 0x46, 0x28, 0x17,
	0xff, 0x45, 0x26, 0x13, 0xff, 0x48, 0x28, 0x13, 0xff, 0x4a, 0x29, 0x11, 0xff, 0x52, 0x2c, 0x13, 0xff,
	0x5c, 0x30, 0x15, 0xff, 0x6e, 0x38, 0x15, 0xff, 0x8f, 0x4b, 0x10, 0xff, 0xd3, 0x79, 0x0c, 0xff, 0xec,
	0x96, 0x17, 0xff, 0xf3, 0x9e, 0x1b, 0xff, 0xf5, 0xa2, 0x1d, 0xff, 0xf7, 0xa8, 0x1a, 0xff, 0xfd, 0xb5,
	0x1e, 0xff, 0xff, 0xc8, 0x2d, 0xff, 0xff, 0xd5, 0x3f, 0xff, 0xff, 0xdb, 0x45, 0xff, 0xfd, 0xb6, 0x20,
	0xff, 0xa3, 0x55, 0x12, 0xff, 0x69, 0x37, 0x14, 0xff, 0x55, 0x2e, 0x13, 0xff, 0x4a, 0x29, 0x12, 0xff,
	0x46, 0x26, 0x13, 0xff, 0x43, 0x24, 0x13, 0xff, 0x42, 0x23, 0x13, 0xff, 0x41, 0x23, 0x14, 0xff, 0x40,
	0x24, 0x14, 0xff, 0x3e, 0x23, 0x14, 0xff, 0x2c, 0x15, 0x08, 0xff, 0x85, 0x4d, 0x31, 0xff, 0x90, 0x58,
	0x3c, 0xdf, 0x91, 0x54, 0x37, 0xdf, 0x86, 0x4d, 0x31, 0xff, 0x28, 0x13, 0x09, 0xff, 0x3e, 0x23, 0x15,
	0xff, 0x41, 0x25, 0x14, 0xff, 0x41, 0x25, 0x14, 0xff, 0x42, 0x25, 0x13, 0xff, 0x44, 0x26, 0x12, 0xff,
	0x47, 0x27, 0x13, 0xff, 0x49, 0x29, 0x12, 0xff, 0x54, 0x2e, 0x13, 0xff, 0x61, 0x33, 0x12, 0xff, 0x75,
	0x3b, 0x13, 0xff, 0x94, 0x4c, 0x17, 0xff, 0xcb, 0x6c, 0x0f, 0xff, 0xd5, 0x75, 0x12, 0xff, 0xbd, 0x66,
	0x14, 0xff, 0xaf, 0x5e, 0x15, 0xff, 0xa8, 0x59, 0x14, 0xff, 0xaa, 0x5d, 0x1a, 0xff, 0xa5, 0x5a, 0x14,
	0xff, 0x93, 0x4d, 0x14, 0xff, 0x83, 0x44, 0x14, 0xff, 0x71, 0x3a, 0x13, 0xff, 0x61, 0x32, 0x13, 0xff,
	0x56, 0x2d, 0x14, 0xff, 0x4e, 0x2a, 0x13, 0xff, 0x49, 0x28, 0x13, 0xff, 0x4a, 0x2a, 0x15, 0xff, 0x47,
	0x27, 0x15, 0xff, 0x46, 0x26, 0x15, 0xff, 0x47, 0x26, 0x15, 0xff, 0x45, 0x26, 0x15, 0xff, 0x45, 0x25,
	0x14, 0xff, 0x45, 0x26, 0x13, 0xff, 0x47, 0x28, 0x13, 0xff, 0x49, 0x28, 0x12, 0xff, 0x4d, 0x2a, 0x12,
	0xff, 0x52, 0x2c, 0x14, 0xff, 0x5d, 0x31, 0x13, 0xff, 0x70, 0x3a, 0x14, 0xff, 0x82, 0x44, 0x15, 0xff,
	0x90, 0x4c, 0x13, 0xff, 0x9e, 0x53, 0x0f, 0xff, 0xa3, 0x55, 0x12, 0xff, 0xa8, 0x59, 0x12, 0xff, 0xb9,
	0x63, 0x17, 0xff, 0xca, 0x6e, 0x13, 0xff, 0xd1, 0x71, 0x14, 0xff, 0xc7, 0x6a, 0x15, 0xff, 0xb1, 0x5c,
	0x17, 0xff, 0x8f, 0x4b, 0x14, 0xff, 0x62, 0x33, 0x14, 0xff, 0x52, 0x2c, 0x14, 0xff, 0x48, 0x28, 0x12,
	0xff, 0x45, 0x26, 0x13, 0xff, 0x44, 0x24, 0x13, 0xff, 0x43, 0x24, 0x14, 0xff, 0x42, 0x24, 0x14, 0xff,
	0x41, 0x24, 0x14, 0xff, 0x40, 0x24, 0x14, 0xff, 0x29, 0x14, 0x08, 0xff, 0x86, 0x4e, 0x31, 0xff, 0x91,
	0x59, 0x3e, 0xdf, 0x93, 0x56, 0x3a, 0xdf, 0x87, 0x4e, 0x33, 0xff, 0x27, 0x13, 0x0a, 0xff, 0x3f, 0x24,
	0x15, 0xff, 0x41, 0x25, 0x14, 0xff, 0x41, 0x25, 0x14, 0xff, 0x42, 0x25, 0x12, 0xff, 0x44, 0x26, 0x12,
	0xff, 0x47, 0x28, 0x13, 0xff, 0x4c, 0x2c, 0x16, 0xff, 0x54, 0x30, 0x1a, 0xff, 0x57, 0x2e, 0x13, 0xff,
	0x61, 0x32, 0x14, 0xff, 0x6c, 0x38, 0x15, 0xff, 0x79, 0x3f, 0x15, 0xff, 0x82, 0x44, 0x14, 0xff, 0x80,
	0x42, 0x14, 0xff, 0x7c, 0x40, 0x14, 0xff, 0x7b, 0x3f, 0x10, 0xff, 0x78, 0x3f, 0x14, 0xff, 0x74, 0x3d,
	0x14, 0xff, 0x6d, 0x39, 0x13, 0xff, 0x67, 0x35, 0x13, 0xff, 0x5f, 0x31, 0x12, 0xff, 0x56, 0x2d, 0x13,
	0xff, 0x4f, 0x2b, 0x13, 0xff, 0x4c, 0x29, 0x13, 0xff, 0x49, 0x28, 0x13, 0xff, 0x50, 0x2f, 0x1b, 0xff,
	0x49, 0x29, 0x17, 0xff, 0x47, 0x27, 0x15, 0xff, 0x47, 0x27, 0x15, 0xff, 0x46, 0x27, 0x15, 0xff, 0x47,
	0x27, 0x15, 0xff, 0x46, 0x27, 0x13, 0xff, 0x48, 0x29, 0x14, 0xff, 0x48, 0x28, 0x13, 0xff, 0x4a, 0x28,
	0x13, 0xff, 0x4d, 0x2a, 0x13, 0xff, 0x53, 0x2d, 0x14, 0xff, 0x5c, 0x31, 0x12, 0xff, 0x65, 0x34, 0x12,
	0xff, 0x6c, 0x38, 0x14, 0xff, 0x72, 0x3b, 0x15, 0xff, 0x76, 0x3d, 0x12, 0xff, 0x7c, 0x40, 0x12, 0xff,
	0x81, 0x43, 0x12, 0xff, 0x86, 0x45, 0x11, 0xff, 0x86, 0x45, 0x15, 0xff, 0x81, 0x41, 0x15, 0xff, 0x70,
	0x3a, 0x14, 0xff, 0x65, 0x35, 0x15, 0xff, 0x5b, 0x30, 0x13, 0xff, 0x4e, 0x2a, 0x13, 0xff, 0x4b, 0x2b,
	0x17, 0xff, 0x44, 0x26, 0x13, 0xff, 0x44, 0x25, 0x12, 0xff, 0x43, 0x24, 0x12, 0xff, 0x41, 0x24, 0x13,
	0xff, 0x41, 0x24, 0x14, 0xff, 0x41, 0x24, 0x14, 0xff, 0x28, 0x13, 0x09, 0xff, 0x88, 0x50, 0x33, 0xff,
	0x93, 0x5a, 0x3d, 0xdf, 0x93, 0x56, 0x3b, 0xdf, 0x86, 0x4e, 0x33, 0xff, 0x27, 0x14, 0x0a, 0xff, 0x40,
	0x23, 0x16, 0xff, 0x41, 0x24, 0x14, 0xff, 0x41, 0x24, 0x13, 0xff, 0x42, 0x25, 0x12, 0xff, 0x45, 0x26,
	0x12, 0xff, 0x47, 0x28, 0x13, 0xff, 0x47, 0x27, 0x12, 0xff, 0x4a, 0x28, 0x14, 0xff, 0x4f, 0x2a, 0x14,
	0xff, 0x57, 0x2d, 0x13, 0xff, 0x5c, 0x30, 0x14, 0xff, 0x60, 0x32, 0x14, 0xff, 0x64, 0x35, 0x13, 0xff,
	0x66, 0x36, 0x14, 0xff, 0x65, 0x35, 0x14, 0xff, 0x64, 0x35, 0x14, 0xff, 0x61, 0x33, 0x12, 0xff, 0x5f,
	0x32, 0x13, 0xff, 0x5c, 0x30, 0x13, 0xff, 0x58, 0x2e, 0x13, 0xff, 0x55, 0x2e, 0x16, 0xff, 0x4d, 0x2a,
	0x13, 0xff, 0x4b, 0x29, 0x13, 0xff, 0x49, 0x29, 0x13, 0xff, 0x48, 0x28, 0x13, 0xff, 0x48, 0x27, 0x13,
	0xff, 0x48, 0x27, 0x13, 0xff, 0x48, 0x28, 0x14, 0xff, 0x48, 0x28, 0x14, 0xff, 0x48, 0x28, 0x14, 0xff,
	0x48, 0x27, 0x14, 0xff, 0x48, 0x28, 0x14, 0xff, 0x49, 0x28, 0x14, 0xff, 0x48, 0x28, 0x13, 0xff, 0x48,
	0x28, 0x13, 0xff, 0x4a, 0x29, 0x13, 0xff, 0x4d, 0x2a, 0x12, 0xff, 0x50, 0x2c, 0x13, 0xff, 0x56, 0x2e,
	0x13, 0xff, 0x5c, 0x31, 0x13, 0xff, 0x60, 0x33, 0x13, 0xff, 0x61, 0x33, 0x13, 0xff, 0x64, 0x35, 0x14,
	0xff, 0x66, 0x36, 0x14, 0xff, 0x68, 0x37, 0x14, 0xff, 0x67, 0x37, 0x15, 0xff, 0x65, 0x37, 0x16, 0xff,
	0x5f, 0x32, 0x14, 0xff, 0x57, 0x2e, 0x13, 0xff, 0x50, 0x2a, 0x11, 0xff, 0x4c, 0x29, 0x13, 0xff, 0x48,
	0x28, 0x13, 0xff, 0x44, 0x26, 0x11, 0xff, 0x44, 0x25, 0x11, 0xff, 0x43, 0x25, 0x12, 0xff, 0x44, 0x26,
	0x14, 0xff, 0x42, 0x25, 0x13, 0xff, 0x41, 0x24, 0x14, 0xff, 0x28, 0x13, 0x09, 0xff, 0x8a, 0x51, 0x35,
	0xff, 0x94, 0x5b, 0x3f, 0xdf, 0x94, 0x58, 0x3f, 0xdf, 0x86, 0x4f, 0x35, 0xff, 0x2a, 0x16, 0x0c, 0xff,
	0x3e, 0x23, 0x15, 0xff, 0x42, 0x25, 0x14, 0xff, 0x42, 0x25, 0x13, 0xff, 0x42, 0x24, 0x11, 0xff, 0x44,
	0x26, 0x12, 0xff, 0x45, 0x27, 0x13, 0xff, 0x45, 0x26, 0x13, 0xff, 0x47, 0x26, 0x12, 0xff, 0x4a, 0x28,
	0x13, 0xff, 0x4e, 0x29, 0x13, 0xff, 0x51, 0x2c, 0x14, 0xff, 0x54, 0x2d, 0x14, 0xff, 0x56, 0x2e, 0x12,
	0xff, 0x5a, 0x33, 0x1a, 0xff, 0x56, 0x2f, 0x15, 0xff, 0x56, 0x2f, 0x16, 0xff, 0x54, 0x2d, 0x14, 0xff,
	0x52, 0x2d, 0x14, 0xff, 0x52, 0x2c, 0x14, 0xff, 0x4f, 0x2b, 0x14, 0xff, 0x4d, 0x2a, 0x14, 0xff, 0x4b,
	0x29, 0x14, 0xff, 0x49, 0x29, 0x13, 0xff, 0x48, 0x29, 0x13, 0xff, 0x48, 0x28, 0x12, 0xff, 0x48, 0x28,
	0x13, 0xff, 0x48, 0x28, 0x13, 0xff, 0x48, 0x28, 0x14, 0xff, 0x49, 0x29, 0x14, 0xff, 0x49, 0x29, 0x14,
	0xff, 0x49, 0x28, 0x13, 0xff, 0x48, 0x28, 0x13, 0xff, 0x49, 0x29, 0x13, 0xff, 0x49, 0x29, 0x13, 0xff,
	0x48, 0x28, 0x13, 0xff, 0x49, 0x28, 0x13, 0xff, 0x4a, 0x29, 0x13, 0xff, 0x4b, 0x2a, 0x13, 0xff, 0x4d,
	0x2b, 0x12, 0xff, 0x51, 0x2c, 0x13, 0xff, 0x54, 0x2d, 0x13, 0xff, 0x55, 0x2e, 0x14, 0xff, 0x56, 0x2f,
	0x15, 0xff, 0x58, 0x2f, 0x15, 0xff, 0x58, 0x2f, 0x14, 0xff, 0x57, 0x2f, 0x14, 0xff, 0x55, 0x2d, 0x14,
	0xff, 0x51, 0x2c, 0x14, 0xff, 0x4e, 0x2a, 0x13, 0xff, 0x4c, 0x29, 0x13, 0xff, 0x49, 0x29, 0x13, 0xff,
	0x47, 0x28, 0x13, 0xff, 0x45, 0x26, 0x11, 0xff, 0x45, 0x27, 0x12, 0xff, 0x46, 0x27, 0x12, 0xff, 0x43,
	0x26, 0x11, 0xff, 0x42, 0x25, 0x14, 0xff, 0x40, 0x24, 0x15, 0xff, 0x2c, 0x16, 0x0b, 0xff, 0x8c, 0x52,
	0x37, 0xff, 0x99, 0x5e, 0x44, 0xdf, 0x93, 0x5a, 0x42, 0xc9, 0x88, 0x50, 0x36, 0xff, 0x37, 0x1f, 0x14,
	0xff, 0x39, 0x21, 0x14, 0xff, 0x42, 0x25, 0x13, 0xff, 0x43, 0x25, 0x13, 0xff, 0x44, 0x25, 0x12, 0xff,
	0x44, 0x25, 0x13, 0xff, 0x44, 0x25, 0x13, 0xff, 0x45, 0x26, 0x13, 0xff, 0x45, 0x26, 0x12, 0xff, 0x47,
	0x27, 0x13, 0xff, 0x48, 0x28, 0x14, 0xff, 0x4c, 0x2a, 0x15, 0xff, 0x4c, 0x29, 0x14, 0xff, 0x4d, 0x2a,
	0x14, 0xff, 0x4d, 0x2a, 0x13, 0xff, 0x4e, 0x2b, 0x13, 0xff, 0x4e, 0x2b, 0x14, 0xff, 0x4e, 0x2c, 0x15,
	0xff, 0x4d, 0x2a, 0x13, 0xff, 0x4d, 0x2a, 0x14, 0xff, 0x4c, 0x2a, 0x14, 0xff, 0x4a, 0x2a, 0x14, 0xff,
	0x4a, 0x2a, 0x13, 0xff, 0x49, 0x2a, 0x13, 0xff, 0x48, 0x29, 0x13, 0xff, 0x48, 0x28, 0x13, 0xff, 0x48,
	0x28, 0x13, 0xff, 0x48, 0x28, 0x13, 0xff, 0x4d, 0x2d, 0x18, 0xff, 0x49, 0x29, 0x15, 0xff, 0x4a, 0x29,
	0x15, 0xff, 0x4a, 0x29, 0x14, 0xff, 0x49, 0x29, 0x14, 0xff, 0x49, 0x2a, 0x13, 0xff, 0x49, 0x29, 0x13,
	0xff, 0x49, 0x29, 0x14, 0xff, 0x49, 0x28, 0x13, 0xff, 0x49, 0x29, 0x14, 0xff, 0x49, 0x29, 0x13, 0xff,
	0x4a, 0x29, 0x13, 0xff, 0x4f, 0x2d, 0x17, 0xff, 0x4c, 0x2a, 0x13, 0xff, 0x4c, 0x2a, 0x12, 0xff, 0x4c,
	0x2a, 0x12, 0xff, 0x4e, 0x2b, 0x13, 0xff, 0x4e, 0x2b, 0x13, 0xff, 0x4c, 0x2a, 0x13, 0xff, 0x4b, 0x29,
	0x13, 0xff, 0x4a, 0x29, 0x12, 0xff, 0x49, 0x29, 0x13, 0xff, 0x49, 0x28, 0x14, 0xff, 0x48, 0x28, 0x13,
	0xff, 0x48, 0x28, 0x13, 0xff, 0x46, 0x28, 0x12, 0xff, 0x46, 0x27, 0x12, 0xff, 0x47, 0x28, 0x13, 0xff,
	0x44, 0x26, 0x13, 0xff, 0x42, 0x25, 0x13, 0xff, 0x3c, 0x22, 0x15, 0xff, 0x39, 0x1f, 0x12, 0xff, 0x8f,
	0x54, 0x3a, 0xff, 0x99, 0x5e, 0x45, 0xca, 0x95, 0x5e, 0x47, 0x9d, 0x89, 0x51, 0x38, 0xff, 0x59, 0x32,
	0x23, 0xff, 0x2c, 0x1a, 0x11, 0xff, 0x41, 0x25, 0x15, 0xff, 0x45, 0x26, 0x14, 0xff, 0x47, 0x27, 0x15,
	0xff, 0x46, 0x26, 0x15, 0xff, 0x44, 0x25, 0x14, 0xff, 0x55, 0x36, 0x25, 0xff, 0x49, 0x2b, 0x17, 0xff,
	0x46, 0x27, 0x12, 0xff, 0x46, 0x27, 0x13, 0xff, 0x47, 0x27, 0x14, 0xff, 0x49, 0x28, 0x15, 0xff, 0x49,
	0x29, 0x15, 0xff, 0x4a, 0x29, 0x14, 0xff, 0x4a, 0x29, 0x13, 0xff, 0x49, 0x29, 0x14, 0xff, 0x49, 0x29,
	0x14, 0xff, 0x4a, 0x29, 0x13, 0xff, 0x4a, 0x29, 0x14, 0xff, 0x49, 0x29, 0x13, 0xff, 0x49, 0x29, 0x13,
	0xff, 0x49, 0x2a, 0x13, 0xff, 0x49, 0x2a, 0x13, 0xff, 0x49, 0x29, 0x13, 0xff, 0x48, 0x28, 0x13, 0xff,
	0x49, 0x29, 0x14, 0xff, 0x4a, 0x29, 0x14, 0xff, 0x4b, 0x2a, 0x15, 0xff, 0x4a, 0x28, 0x15, 0xff, 0x49,
	0x28, 0x15, 0xff, 0x4a, 0x29, 0x15, 0xff, 0x4a, 0x2a, 0x14, 0xff, 0x49, 0x2a, 0x13, 0xff, 0x49, 0x29,
	0x14, 0xff, 0x49, 0x29, 0x14, 0xff, 0x49, 0x29, 0x14, 0xff, 0x49, 0x29, 0x14, 0xff, 0x49, 0x29, 0x14,
	0xff, 0x49, 0x29, 0x14, 0xff, 0x49, 0x29, 0x14, 0xff, 0x4a, 0x29, 0x14, 0xff, 0x4a, 0x29, 0x15, 0xff,
	0x49, 0x29, 0x14, 0xff, 0x4b, 0x2a, 0x15, 0xff, 0x4a, 0x29, 0x13, 0xff, 0x49, 0x29, 0x14, 0xff, 0x49,
	0x29, 0x15, 0xff, 0x48, 0x28, 0x13, 0xff, 0x5a, 0x38, 0x27, 0xff, 0x48, 0x27, 0x17, 0xff, 0x47, 0x26,
	0x15, 0xff, 0x47, 0x27, 0x14, 0xff, 0x47, 0x27, 0x13, 0xff, 0x47, 0x27, 0x13, 0xff, 0x47, 0x28, 0x14,
	0xff, 0x46, 0x27, 0x14, 0xff, 0x43, 0x25, 0x13, 0xff, 0x2e, 0x1a, 0x11, 0xff, 0x5b, 0x34, 0x23, 0xff,
	0x91, 0x56, 0x3b, 0xff, 0x9a, 0x62, 0x4b, 0x9c, 0xa6, 0x72, 0x5b, 0x5c, 0x8a, 0x51, 0x3a, 0xff, 0x83,
	0x4d, 0x36, 0xff, 0x1e, 0x10, 0x0b, 0xff, 0x45, 0x29, 0x1a, 0xff, 0x44, 0x27, 0x15, 0xff, 0x47, 0x27,
	0x16, 0xff, 0x47, 0x27, 0x16, 0xff, 0x46, 0x26, 0x14, 0xff, 0x46, 0x27, 0x14, 0xff, 0x46, 0x27, 0x13,
	0xff, 0x45, 0x27, 0x13, 0xff, 0x45, 0x27, 0x14, 0xff, 0x46, 0x26, 0x14, 0xff, 0x47, 0x27, 0x14, 0xff,
	0x49, 0x29, 0x15, 0xff, 0x49, 0x29, 0x14, 0xff, 0x49, 0x29, 0x13, 0xff, 0x49, 0x29, 0x13, 0xff, 0x48,
	0x29, 0x13, 0xff, 0x49, 0x29, 0x14, 0xff, 0x4a, 0x29, 0x14, 0xff, 0x52, 0x32, 0x1e, 0xff, 0x49, 0x29,
	0x14, 0xff, 0x49, 0x29, 0x14, 0xff, 0x4a, 0x2a, 0x14, 0xff, 0x4a, 0x2a, 0x14, 0xff, 0x49, 0x29, 0x14,
	0xff, 0x4a, 0x29, 0x14, 0xff, 0x4b, 0x29, 0x16, 0xff, 0x4b, 0x29, 0x15, 0xff, 0x4b, 0x29, 0x16, 0xff,
	0x4a, 0x29, 0x16, 0xff, 0x4a, 0x2a, 0x15, 0xff, 0x4a, 0x2a, 0x14, 0xff, 0x4a, 0x2a, 0x14, 0xff, 0x4a,
	0x2a, 0x14, 0xff, 0x4a, 0x2a, 0x15, 0xff, 0x49, 0x29, 0x14, 0xff, 0x49, 0x29, 0x14, 0xff, 0x49, 0x29,
	0x14, 0xff, 0x49, 0x29, 0x14, 0xff, 0x4a, 0x28, 0x13, 0xff, 0x4a, 0x29, 0x14, 0xff, 0x49, 0x29, 0x14,
	0xff, 0x49, 0x28, 0x14, 0xff, 0x49, 0x28, 0x14, 0xff, 0x48, 0x29, 0x13, 0xff, 0x49, 0x29, 0x14, 0xff,
	0x49, 0x2a, 0x14, 0xff, 0x49, 0x29, 0x14, 0xff, 0x48, 0x28, 0x15, 0xff, 0x48, 0x26, 0x16, 0xff, 0x48,
	0x26, 0x16, 0xff, 0x46, 0x26, 0x16, 0xff, 0x46, 0x26, 0x15, 0xff, 0x48, 0x28, 0x15, 0xff, 0x48, 0x27,
	0x15, 0xff, 0x47, 0x27, 0x15, 0xff, 0x4a, 0x2a, 0x18, 0xff, 0x1e, 0x10, 0x0b, 0xff, 0x85, 0x4f, 0x37,
	0xff, 0x94, 0x58, 0x3e, 0xff, 0xaa, 0x71, 0x5c, 0x58, 0xe3, 0xb5, 0x9d, 0x0d, 0x93, 0x5c, 0x46, 0xf0,
	0x92, 0x57, 0x3e, 0xff, 0x4d, 0x2a, 0x1c, 0xff, 0x32, 0x1e, 0x14, 0xff, 0x42, 0x27, 0x17, 0xff, 0x46,
	0x28, 0x18, 0xff, 0x47, 0x27, 0x17, 0xff, 0x47, 0x27, 0x15, 0xff, 0x47, 0x27, 0x14, 0xff, 0x47, 0x28,
	0x14, 0xff, 0x48, 0x28, 0x15, 0xff, 0x48, 0x28, 0x15, 0xff, 0x46, 0x26, 0x13, 0xff, 0x46, 0x27, 0x13,
	0xff, 0x47, 0x28, 0x13, 0xff, 0x49, 0x29, 0x14, 0xff, 0x49, 0x29, 0x14, 0xff, 0x49, 0x29, 0x14, 0xff,
	0x49, 0x29, 0x14, 0xff, 0x49, 0x29, 0x14, 0xff, 0x4a, 0x29, 0x15, 0xff, 0x4b, 0x2a, 0x16, 0xff, 0x4a,
	0x2a, 0x16, 0xff, 0x57, 0x37, 0x24, 0xff, 0x4b, 0x2a, 0x15, 0xff, 0x4b, 0x2a, 0x15, 0xff, 0x4b, 0x2a,
	0x15, 0xff, 0x4b, 0x2a, 0x15, 0xff, 0x4c, 0x2a, 0x16, 0xff, 0x4d, 0x2a, 0x15, 0xff, 0x4c, 0x2b, 0x16,
	0xff, 0x4b, 0x2a, 0x15, 0xff, 0x4b, 0x2a, 0x14, 0xff, 0x4a, 0x2b, 0x14, 0xff, 0x4b, 0x2c, 0x16, 0xff,
	0x4a, 0x2a, 0x15, 0xff, 0x4a, 0x2a, 0x15, 0xff, 0x49, 0x29, 0x13, 0xff, 0x49, 0x29, 0x14, 0xff, 0x49,
	0x29, 0x14, 0xff, 0x49, 0x29, 0x14, 0xff, 0x49, 0x29, 0x14, 0xff, 0x4a, 0x29, 0x14, 0xff, 0x49, 0x29,
	0x14, 0xff, 0x49, 0x29, 0x14, 0xff, 0x49, 0x29, 0x14, 0xff, 0x48, 0x28, 0x13, 0xff, 0x49, 0x29, 0x14,
	0xff, 0x49, 0x2a, 0x14, 0xff, 0x49, 0x29, 0x15, 0xff, 0x49, 0x29, 0x15, 0xff, 0x48, 0x27, 0x15, 0xff,
	0x48, 0x27, 0x16, 0xff, 0x47, 0x26, 0x16, 0xff, 0x47, 0x27, 0x16, 0xff, 0x4e, 0x2d, 0x1d, 0xff, 0x48,
	0x27, 0x14, 0xff, 0x48, 0x28, 0x15, 0xff, 0x34, 0x1e, 0x15, 0xff, 0x4b, 0x2b, 0x1d, 0xff, 0x99, 0x5d,
	0x41, 0xff, 0x9c, 0x62, 0x4a, 0xed, 0xe4, 0xb0, 0xaa, 0x0a, 0x00, 0x00, 0x00, 0x00, 0xa5, 0x73, 0x5d,
	0x81, 0x8f, 0x55, 0x3e, 0xff, 0x8c, 0x53, 0x3b, 0xff, 0x27, 0x14, 0x0e, 0xff, 0x3d, 0x25, 0x17, 0xff,
	0x44, 0x28, 0x17, 0xff, 0x46, 0x27, 0x14, 0xff, 0x48, 0x28, 0x15, 0xff, 0x48, 0x28, 0x14, 0xff, 0x48,
	0x27, 0x14, 0xff, 0x47, 0x27, 0x15, 0xff, 0x48, 0x28, 0x16, 0xff, 0x49, 0x29, 0x14, 0xff, 0x49, 0x29,
	0x14, 0xff, 0x48, 0x29, 0x14, 0xff, 0x49, 0x29, 0x14, 0xff, 0x49, 0x2a, 0x14, 0xff, 0x49, 0x2a, 0x14,
	0xff, 0x4a, 0x2a, 0x15, 0xff, 0x4a, 0x29, 0x15, 0xff, 0x4a, 0x2a, 0x15, 0xff, 0x4a, 0x2a, 0x16, 0xff,
	0x4a, 0x2a, 0x16, 0xff, 0x4b, 0x2a, 0x15, 0xff, 0x4b, 0x2a, 0x15, 0xff, 0x4c, 0x2b, 0x15, 0xff, 0x4c,
	0x2c, 0x16, 0xff, 0x4d, 0x2c, 0x17, 0xff, 0x50, 0x2e, 0x19, 0xff, 0x4e, 0x2c, 0x17, 0xff, 0x4e, 0x2c,
	0x17, 0xff, 0x4d, 0x2c, 0x17, 0xff, 0x4c, 0x2c, 0x16, 0xff, 0x4c, 0x2b, 0x15, 0xff, 0x4b, 0x2b, 0x15,
	0xff, 0x4b, 0x2b, 0x15, 0xff, 0x4b, 0x2b, 0x15, 0xff, 0x4b, 0x2a, 0x14, 0xff, 0x4b, 0x2a, 0x15, 0xff,
	0x4a, 0x2a, 0x14, 0xff, 0x4a, 0x2a, 0x14, 0xff, 0x4e, 0x2d, 0x19, 0xff, 0x49, 0x2a, 0x15, 0xff, 0x49,
	0x29, 0x14, 0xff, 0x49, 0x2a, 0x14, 0xff, 0x49, 0x29, 0x14, 0xff, 0x49, 0x29, 0x14, 0xff, 0x49, 0x29,
	0x14, 0xff, 0x49, 0x29, 0x15, 0xff, 0x49, 0x29, 0x15, 0xff, 0x49, 0x2a, 0x14, 0xff, 0x49, 0x29, 0x15,
	0xff, 0x49, 0x29, 0x15, 0xff, 0x48, 0x28, 0x16, 0xff, 0x47, 0x27, 0x15, 0xff, 0x47, 0x27, 0x14, 0xff,
	0x48, 0x28, 0x14, 0xff, 0x43, 0x27, 0x19, 0xff, 0x28, 0x16, 0x10, 0xff, 0x94, 0x59, 0x40, 0xff, 0x9a,
	0x5d, 0x42, 0xff, 0xae, 0x78, 0x64, 0x7b, 0x00, 0x00, 0x00, 0x00, 0x00, 0x00, 0x00, 0x00, 0xdf, 0xbc,
	0xa7, 0x08, 0x98, 0x64, 0x4e, 0xd3, 0x93, 0x57, 0x3e, 0xff, 0x86, 0x50, 0x39, 0xff, 0x2a, 0x16, 0x0f,
	0xff, 0x37, 0x21, 0x15, 0xff, 0x4c, 0x2c, 0x19, 0xff, 0x48, 0x28, 0x16, 0xff, 0x49, 0x28, 0x15, 0xff,
	0x48, 0x28, 0x14, 0xff, 0x4a, 0x29, 0x15, 0xff, 0x4d, 0x2b, 0x18, 0xff, 0x4a, 0x29, 0x15, 0xff, 0x4a,
	0x2a, 0x15, 0xff, 0x4a, 0x29, 0x14, 0xff, 0x4a, 0x29, 0x14, 0xff, 0x4a, 0x29, 0x14, 0xff, 0x4b, 0x2a,
	0x15, 0xff, 0x4b, 0x2a, 0x17, 0xff, 0x4b, 0x2a, 0x17, 0xff, 0x4b, 0x2a, 0x16, 0xff, 0x4b, 0x2a, 0x15,
	0xff, 0x4c, 0x2b, 0x15, 0xff, 0x4d, 0x2b, 0x16, 0xff, 0x4e, 0x2c, 0x17, 0xff, 0x4f, 0x2d, 0x18, 0xff,
	0x50, 0x2d, 0x18, 0xff, 0x4f, 0x2d, 0x18, 0xff, 0x4f, 0x2d, 0x18, 0xff, 0x50, 0x2d, 0x18, 0xff, 0x50,
	0x2d, 0x18, 0xff, 0x50, 0x2d, 0x18, 0xff, 0x4f, 0x2d, 0x18, 0xff, 0x4f, 0x2d, 0x17, 0xff, 0x4e, 0x2d,
	0x17, 0xff, 0x4e, 0x2c, 0x17, 0xff, 0x4d, 0x2c, 0x16, 0xff, 0x4e, 0x2d, 0x17, 0xff, 0x4c, 0x2a, 0x16,
	0xff, 0x4b, 0x2a, 0x15, 0xff, 0x4b, 0x2a, 0x16, 0xff, 0x4b, 0x2a, 0x16, 0xff, 0x4b, 0x2a, 0x15, 0xff,
	0x4a, 0x29, 0x14, 0xff, 0x4b, 0x2a, 0x15, 0xff, 0x4b, 0x2a, 0x15, 0xff, 0x4a, 0x29, 0x14, 0xff, 0x4a,
	0x29, 0x14, 0xff, 0x4a, 0x29, 0x15, 0xff, 0x4a, 0x29, 0x15, 0xff, 0x4a, 0x2a, 0x15, 0xff, 0x4a, 0x2a,
	0x14, 0xff, 0x49, 0x29, 0x14, 0xff, 0x49, 0x28, 0x15, 0xff, 0x48, 0x28, 0x15, 0xff, 0x4f, 0x2d, 0x1a,
	0xff, 0x38, 0x21, 0x16, 0xff, 0x2c, 0x16, 0x0e, 0xff, 0x8f, 0x55, 0x3d, 0xff, 0xa0, 0x60, 0x44, 0xff,
	0xa5, 0x6c, 0x57, 0xd2, 0xe7, 0xbf, 0xb6, 0x07, 0x00, 0x00, 0x00, 0x00, 0x00, 0x00, 0x00, 0x00, 0x00,
	0x00, 0x00, 0x00, 0xb9, 0x8e, 0x7a, 0x24, 0x99, 0x62, 0x4c, 0xe5, 0x99, 0x5e, 0x44, 0xff, 0x91, 0x58,
	0x41, 0xff, 0x49, 0x29, 0x1e, 0xff, 0x25, 0x15, 0x0e, 0xff, 0x39, 0x22, 0x16, 0xff, 0x4a, 0x2b, 0x1a,
	0xff, 0x51, 0x2f, 0x1c, 0xff, 0x52, 0x2f, 0x1a, 0xff, 0x53, 0x2f, 0x1b, 0xff, 0x55, 0x30, 0x1b, 0xff,
	0x56, 0x31, 0x1c, 0xff, 0x55, 0x31, 0x1d, 0xff, 0x56, 0x31, 0x1e, 0xff, 0x57, 0x31, 0x1d, 0xff, 0x57,
	0x32, 0x1d, 0xff, 0x57, 0x32, 0x1e, 0xff, 0x57, 0x32, 0x1e, 0xff, 0x58, 0x33, 0x1e, 0xff, 0x5a, 0x34,
	0x1d, 0xff, 0x5a, 0x34, 0x1d, 0xff, 0x5b, 0x35, 0x1e, 0xff, 0x5c, 0x36, 0x1f, 0xff, 0x5d, 0x35, 0x1f,
	0xff, 0x5e, 0x36, 0x20, 0xff, 0x5e, 0x36, 0x20, 0xff, 0x5e, 0x37, 0x20, 0xff, 0x5e, 0x37, 0x20, 0xff,
	0x5e, 0x37, 0x20, 0xff, 0x5e, 0x37, 0x20, 0xff, 0x5d, 0x36, 0x21, 0xff, 0x5d, 0x36, 0x21, 0xff, 0x5d,
	0x36, 0x20, 0xff, 0x5c, 0x35, 0x20, 0xff, 0x5c, 0x35, 0x1f, 0xff, 0x5c, 0x35, 0x1e, 0xff, 0x5a, 0x34,
	0x1d, 0xff, 0x59, 0x34, 0x1c, 0xff, 0x59, 0x33, 0x1c, 0xff, 0x58, 0x33, 0x1d, 0xff, 0x57, 0x32, 0x1c,
	0xff, 0x57, 0x32, 0x1c, 0xff, 0x57, 0x32, 0x1d, 0xff, 0x56, 0x31, 0x1d, 0xff, 0x55, 0x31, 0x1c, 0xff,
	0x55, 0x31, 0x1b, 0xff, 0x54, 0x30, 0x1b, 0xff, 0x53, 0x2f, 0x1a, 0xff, 0x52, 0x2f, 0x1a, 0xff, 0x52,
	0x2f, 0x1a, 0xff, 0x50, 0x2e, 0x1c, 0xff, 0x4b, 0x2b, 0x1b, 0xff, 0x3c, 0x23, 0x18, 0xff, 0x27, 0x17,
	0x0f, 0xff, 0x4a, 0x2b, 0x1e, 0xff, 0x9a, 0x5d, 0x44, 0xff, 0xa4, 0x63, 0x49, 0xff, 0xa7, 0x6a, 0x53,
	0xe6, 0xc6, 0x95, 0x84, 0x24, 0x00, 0x00, 0x00, 0x00, 0x00, 0x00, 0x00, 0x00, 0x00, 0x00, 0x00, 0x00,
	0x00, 0x00, 0x00, 0x00, 0x00, 0x00, 0x00, 0x00, 0xc1, 0x94, 0x80, 0x21, 0xa6, 0x6f, 0x58, 0xd1, 0x9d,
	0x60, 0x47, 0xff, 0xa1, 0x63, 0x49, 0xff, 0x88, 0x53, 0x3d, 0xff, 0x56, 0x32, 0x24, 0xff, 0x33, 0x1c,
	0x13, 0xff, 0x24, 0x12, 0x0a, 0xff, 0x21, 0x10, 0x09, 0xff, 0x21, 0x10, 0x09, 0xff, 0x23, 0x11, 0x09,
	0xff, 0x23, 0x10, 0x09, 0xff, 0x24, 0x10, 0x08, 0xff, 0x26, 0x11, 0x08, 0xff, 0x28, 0x11, 0x08, 0xff,
	0x29, 0x13, 0x09, 0xff, 0x2b, 0x14, 0x09, 0xff, 0x2e, 0x16, 0x09, 0xff, 0x31, 0x17, 0x09, 0xff, 0x36,
	0x19, 0x08, 0xff, 0x39, 0x1a, 0x08, 0xff, 0x3e, 0x1c, 0x08, 0xff, 0x40, 0x1e, 0x09, 0xff, 0x42, 0x1e,
	0x09, 0xff, 0x44, 0x1f, 0x08, 0xff, 0x45, 0x20, 0x09, 0xff, 0x46, 0x21, 0x08, 0xff, 0x46, 0x21, 0x09,
	0xff, 0x48, 0x22, 0x09, 0xff, 0x48, 0x22, 0x07, 0xff, 0x48, 0x22, 0x07, 0xff, 0x45, 0x21, 0x08, 0xff,
	0x45, 0x21, 0x08, 0xff, 0x43, 0x1f, 0x09, 0xff, 0x40, 0x1e, 0x09, 0xff, 0x3c, 0x1d, 0x09, 0xff, 0x3a,
	0x1c, 0x08, 0xff, 0x38, 0x1b, 0x09, 0xff, 0x34, 0x19, 0x09, 0xff, 0x31, 0x17, 0x09, 0xff, 0x2f, 0x16,
	0x09, 0xff, 0x2d, 0x15, 0x09, 0xff, 0x2a, 0x13, 0x08, 0xff, 0x27, 0x12, 0x08, 0xff, 0x25, 0x11, 0x08,
	0xff, 0x24, 0x11, 0x08, 0xff, 0x23, 0x11, 0x08, 0xff, 0x21, 0x10, 0x08, 0xff, 0x20, 0x10, 0x09, 0xff,
	0x20, 0x11, 0x09, 0xff, 0x24, 0x13, 0x0b, 0xff, 0x35, 0x1e, 0x14, 0xff, 0x59, 0x34, 0x24, 0xff, 0x90,
	0x57, 0x40, 0xff, 0xab, 0x69, 0x4d, 0xff, 0xa9, 0x67, 0x4c, 0xff, 0xb1, 0x75, 0x5c, 0xd3, 0xd0, 0x9f,
	0x88, 0x24, 0x00, 0x00, 0x00, 0x00, 0x00, 0x00, 0x00, 0x00, 0x00, 0x00, 0x00, 0x00, 0x00, 0x00, 0x00,
	0x00, 0x00, 0x00, 0x00, 0x00, 0x00, 0x00, 0x00, 0x00, 0x00, 0x00, 0x00, 0x00, 0xe6, 0xcb, 0xbc, 0x08,
	0xb8, 0x85, 0x6e, 0x84, 0xa5, 0x6b, 0x53, 0xf2, 0xa0, 0x62, 0x49, 0xff, 0xa1, 0x62, 0x48, 0xff, 0xa3,
	0x63, 0x48, 0xff, 0xa6, 0x65, 0x4a, 0xff, 0xaa, 0x67, 0x4b, 0xff, 0xac, 0x68, 0x4c, 0xff, 0xaf, 0x6a,
	0x4d, 0xff, 0xb2, 0x6d, 0x4e, 0xff, 0xb5, 0x6e, 0x50, 0xff, 0xb9, 0x70, 0x51, 0xff, 0xbe, 0x74, 0x53,
	0xff, 0xc3, 0x78, 0x56, 0xff, 0xc8, 0x7b, 0x56, 0xff, 0xcf, 0x7f, 0x58, 0xff, 0xd5, 0x83, 0x5a, 0xff,
	0xda, 0x86, 0x5b, 0xff, 0xdf, 0x89, 0x5e, 0xff, 0xe4, 0x8d, 0x61, 0xff, 0xe7, 0x90, 0x63, 0xff, 0xeb,
	0x93, 0x64, 0xff, 0xee, 0x95, 0x65, 0xff, 0xf2, 0x98, 0x69, 0xff, 0xf5, 0x99, 0x6a, 0xff, 0xf8, 0x9c,
	0x6d, 0xff, 0xf9, 0x9d, 0x6c, 0xff, 0xfa, 0x9d, 0x6d, 0xff, 0xf9, 0x9c, 0x6c, 0xff, 0xf8, 0x9b, 0x6c,
	0xff, 0xf6, 0x9a, 0x6b, 0xff, 0xf3, 0x98, 0x69, 0xff, 0xef, 0x96, 0x67, 0xff, 0xec, 0x93, 0x66, 0xff,
	0xe9, 0x90, 0x64, 0xff, 0xe5, 0x8e, 0x61, 0xff, 0xe1, 0x8b, 0x5f, 0xff, 0xdd, 0x88, 0x5d, 0xff, 0xd7,
	0x83, 0x5a, 0xff, 0xd2, 0x80, 0x58, 0xff, 0xcc, 0x7c, 0x56, 0xff, 0xc5, 0x78, 0x54, 0xff, 0xc0, 0x75,
	0x52, 0xff, 0xbd, 0x73, 0x52, 0xff, 0xb9, 0x71, 0x50, 0xff, 0xb6, 0x6e, 0x4e, 0xff, 0xb3, 0x6c, 0x4d,
	0xff, 0xb1, 0x6a, 0x4c, 0xff, 0xae, 0x69, 0x4d, 0xff, 0xab, 0x68, 0x4b, 0xff, 0xaa, 0x67, 0x4b, 0xff,
	0xaa, 0x68, 0x4c, 0xff, 0xb2, 0x73, 0x59, 0xf3, 0xc3, 0x8b, 0x74, 0x85, 0xee, 0xc6, 0xad, 0x09, 0x00,
	0x00, 0x00, 0x00, 0x00, 0x00, 0x00, 0x00, 0x00, 0x00, 0x00, 0x00, 0x00, 0x00, 0x00, 0x00, 0x00, 0x00,
	0x00, 0x00, 0x00, 0x00, 0x00, 0x00, 0x00, 0x00, 0x00, 0x00, 0x00, 0x00, 0x00, 0x00, 0x00, 0x00, 0x00,
	0x00, 0x00, 0x00, 0x00, 0x00, 0xe4, 0xc3, 0xb3, 0x0f, 0xba, 0x85, 0x70, 0x62, 0xaf, 0x75, 0x5e, 0xa6,
	0xae, 0x73, 0x5c, 0xd3, 0xb0, 0x72, 0x58, 0xdf, 0xb3, 0x73, 0x59, 0xdf, 0xb5, 0x75, 0x59, 0xdf, 0xb6,
	0x76, 0x59, 0xdf, 0xb9, 0x78, 0x5a, 0xdf, 0xbc, 0x7a, 0x5c, 0xdf, 0xc0, 0x7c, 0x5d, 0xdf, 0xc4, 0x80,
	0x60, 0xdf, 0xc9, 0x83, 0x62, 0xdf, 0xcd, 0x87, 0x64, 0xdf, 0xd4, 0x8b, 0x65, 0xdf, 0xd9, 0x8f, 0x67,
	0xdf, 0xde, 0x93, 0x68, 0xdf, 0xe1, 0x96, 0x6c, 0xdf, 0xe5, 0x99, 0x6f, 0xdf, 0xe9, 0x9d, 0x72, 0xdf,
	0xed, 0x9f, 0x75, 0xdf, 0xef, 0xa2, 0x76, 0xdf, 0xf2, 0xa4, 0x77, 0xdf, 0xf4, 0xa5, 0x79, 0xdf, 0xf6,
	0xa7, 0x7b, 0xdf, 0xf7, 0xa7, 0x7a, 0xdf, 0xf8, 0xa7, 0x7a, 0xdf, 0xf8, 0xa7, 0x79, 0xdf, 0xf7, 0xa6,
	0x79, 0xdf, 0xf5, 0xa5, 0x78, 0xdf, 0xf3, 0xa4, 0x76, 0xdf, 0xf0, 0xa2, 0x75, 0xdf, 0xee, 0xa0, 0x73,
	0xdf, 0xea, 0x9d, 0x71, 0xdf, 0xe7, 0x9b, 0x6f, 0xdf, 0xe4, 0x98, 0x6d, 0xdf, 0xe0, 0x95, 0x6a, 0xdf,
	0xdc, 0x91, 0x68, 0xdf, 0xd6, 0x8d, 0x65, 0xdf, 0xd3, 0x8a, 0x65, 0xdf, 0xcd, 0x86, 0x62, 0xdf, 0xc8,
	0x83, 0x60, 0xdf, 0xc4, 0x80, 0x5e, 0xdf, 0xc1, 0x7d, 0x5b, 0xdf, 0xbe, 0x7b, 0x59, 0xdf, 0xbd, 0x79,
	0x59, 0xdf, 0xbb, 0x76, 0x59, 0xdf, 0xb8, 0x75, 0x59, 0xdf, 0xb8, 0x79, 0x5f, 0xd6, 0xb8, 0x7a, 0x61,
	0xa8, 0xc5, 0x8a, 0x71, 0x64, 0xea, 0xbf, 0xa9, 0x10, 0x00, 0x00, 0x00, 0x00, 0x00, 0x00, 0x00, 0x00,
	0x00, 0x00, 0x00, 0x00, 0x00, 0x00, 0x00, 0x00, 0x00, 0x00, 0x00, 0x00, 0x00, 0x00, 0x00, 0x00,
};
